-- phpMyAdmin SQL Dump
-- version 5.0.1
-- https://www.phpmyadmin.net/
--
-- Host: 127.0.0.1
-- Generation Time: Sep 02, 2023 at 05:58 AM
-- Server version: 10.4.11-MariaDB
-- PHP Version: 7.4.1

SET SQL_MODE = "NO_AUTO_VALUE_ON_ZERO";
SET AUTOCOMMIT = 0;
START TRANSACTION;
SET time_zone = "+00:00";


/*!40101 SET @OLD_CHARACTER_SET_CLIENT=@@CHARACTER_SET_CLIENT */;
/*!40101 SET @OLD_CHARACTER_SET_RESULTS=@@CHARACTER_SET_RESULTS */;
/*!40101 SET @OLD_COLLATION_CONNECTION=@@COLLATION_CONNECTION */;
/*!40101 SET NAMES utf8mb4 */;

--
-- Database: `tels_absensi`
--

-- --------------------------------------------------------

--
-- Table structure for table `absensi_guru`
--

CREATE TABLE `absensi_guru` (
  `id` bigint(20) UNSIGNED NOT NULL,
  `id_tglabsen` bigint(20) NOT NULL,
  `id_guru` bigint(20) DEFAULT NULL,
  `absen` enum('sakit','izin','alfa','terlambat') COLLATE utf8mb4_unicode_ci DEFAULT NULL,
  `nihil` enum('0','1') COLLATE utf8mb4_unicode_ci NOT NULL,
  `keterangan` text COLLATE utf8mb4_unicode_ci DEFAULT NULL,
  `created_at` timestamp NULL DEFAULT NULL,
  `updated_at` timestamp NULL DEFAULT NULL
) ENGINE=InnoDB DEFAULT CHARSET=utf8mb4 COLLATE=utf8mb4_unicode_ci;

-- --------------------------------------------------------

--
-- Table structure for table `absensi_siswa`
--

CREATE TABLE `absensi_siswa` (
  `id` bigint(20) UNSIGNED NOT NULL,
  `id_tglabsen` bigint(20) NOT NULL,
  `id_kelas` bigint(20) NOT NULL,
  `id_siswa` bigint(20) DEFAULT NULL,
  `absen` enum('sakit','izin','alfa','terlambat') COLLATE utf8mb4_unicode_ci DEFAULT NULL,
  `acc` enum('0','1') COLLATE utf8mb4_unicode_ci NOT NULL,
  `nihil` enum('0','1') COLLATE utf8mb4_unicode_ci NOT NULL,
  `keterangan` text COLLATE utf8mb4_unicode_ci DEFAULT NULL,
  `created_at` timestamp NULL DEFAULT NULL,
  `updated_at` timestamp NULL DEFAULT NULL
) ENGINE=InnoDB DEFAULT CHARSET=utf8mb4 COLLATE=utf8mb4_unicode_ci;

--
-- Dumping data for table `absensi_siswa`
--

INSERT INTO `absensi_siswa` (`id`, `id_tglabsen`, `id_kelas`, `id_siswa`, `absen`, `acc`, `nihil`, `keterangan`, `created_at`, `updated_at`) VALUES
(1, 1, 1, 1, 'sakit', '1', '0', NULL, '2023-08-09 18:48:45', '2023-08-09 18:51:48'),
(4, 2, 3, NULL, NULL, '1', '1', NULL, '2023-08-13 11:22:24', '2023-08-13 11:22:40'),
(5, 3, 11, 1, 'terlambat', '1', '0', 'c', '2023-08-19 00:24:05', '2023-08-19 00:24:05'),
(6, 3, 3, 325, 'terlambat', '1', '0', 'awds', '2023-08-19 00:25:59', '2023-08-19 00:25:59');

-- --------------------------------------------------------

--
-- Table structure for table `absen_masuk_siswa`
--

CREATE TABLE `absen_masuk_siswa` (
  `id` bigint(20) UNSIGNED NOT NULL,
  `id_user` bigint(20) NOT NULL,
  `tgl` varchar(255) COLLATE utf8mb4_unicode_ci NOT NULL,
  `nama` varchar(255) COLLATE utf8mb4_unicode_ci NOT NULL,
  `kelas` varchar(255) COLLATE utf8mb4_unicode_ci NOT NULL,
  `jam` varchar(255) COLLATE utf8mb4_unicode_ci NOT NULL,
  `lokasi` varchar(255) COLLATE utf8mb4_unicode_ci NOT NULL,
  `status` varchar(255) COLLATE utf8mb4_unicode_ci NOT NULL
) ENGINE=InnoDB DEFAULT CHARSET=utf8mb4 COLLATE=utf8mb4_unicode_ci;

--
-- Dumping data for table `absen_masuk_siswa`
--

INSERT INTO `absen_masuk_siswa` (`id`, `id_user`, `tgl`, `nama`, `kelas`, `jam`, `lokasi`, `status`) VALUES
(4, 4, '19-08-2023', 'FRAHELENCE ELIYESIA HARNANTO', 'XII RPL 2', '06:43:48', 'SMK Telekomunikasi Telesandi', 'Tepat Waktu'),
(5, 4, '20-08-2023', 'FRAHELENCE ELIYESIA HARNANTO', 'XII RPL 2', '11:22:48', 'SMK Telekomunikasi Telesandi', 'Telat'),
(6, 1, '20-08-2023', 'FARIC ANDREVANO SIDHARTA', 'XII RPL 2', '06:24:28', 'SMK Telekomunikasi Telesandi', 'Tepat Waktu');

-- --------------------------------------------------------

--
-- Table structure for table `akun_qr`
--

CREATE TABLE `akun_qr` (
  `id` bigint(20) UNSIGNED NOT NULL,
  `tgl` varchar(255) COLLATE utf8mb4_unicode_ci NOT NULL,
  `nis` varchar(255) COLLATE utf8mb4_unicode_ci NOT NULL,
  `nama` varchar(255) COLLATE utf8mb4_unicode_ci NOT NULL,
  `kelas` varchar(255) COLLATE utf8mb4_unicode_ci NOT NULL,
  `password` varchar(255) COLLATE utf8mb4_unicode_ci NOT NULL,
  `pw_hash` varchar(255) COLLATE utf8mb4_unicode_ci NOT NULL
) ENGINE=InnoDB DEFAULT CHARSET=utf8mb4 COLLATE=utf8mb4_unicode_ci;

--
-- Dumping data for table `akun_qr`
--

INSERT INTO `akun_qr` (`id`, `tgl`, `nis`, `nama`, `kelas`, `password`, `pw_hash`) VALUES
(1, '19/08/2023 17:48', '212210010', 'FARIC ANDREVANO SIDHARTA', 'XII RPL 2', 'fr2602', '$2y$10$jlN4ScFpbXf9ouZIoEK3S.6mAGP9emUVU7WZFVnW4VeXtNExmbmdK'),
(3, '19/08/2023 18:14', '222310158', 'GAYUH MUKTI AJI ', 'XI RPL 2', '123456', '$2y$10$gNJoYBzqPx.kvldSufwrX.tO6CuuAcv5dNHcZQA13s.I2R9jf.9eG'),
(4, '19/08/2023 18:14', '212210011', 'FRAHELENCE ELIYESIA HARNANTO', 'XII RPL 2', '123456', '$2y$10$qczPfLIcWU8jSi2swyU3KuJCMXi4chTqT0stQvFDsQYzJ9YmXDSoG');

-- --------------------------------------------------------

--
-- Table structure for table `failed_jobs`
--

CREATE TABLE `failed_jobs` (
  `id` bigint(20) UNSIGNED NOT NULL,
  `uuid` varchar(255) COLLATE utf8mb4_unicode_ci NOT NULL,
  `connection` text COLLATE utf8mb4_unicode_ci NOT NULL,
  `queue` text COLLATE utf8mb4_unicode_ci NOT NULL,
  `payload` longtext COLLATE utf8mb4_unicode_ci NOT NULL,
  `exception` longtext COLLATE utf8mb4_unicode_ci NOT NULL,
  `failed_at` timestamp NOT NULL DEFAULT current_timestamp()
) ENGINE=InnoDB DEFAULT CHARSET=utf8mb4 COLLATE=utf8mb4_unicode_ci;

-- --------------------------------------------------------

--
-- Table structure for table `file_tugas`
--

CREATE TABLE `file_tugas` (
  `id` bigint(20) UNSIGNED NOT NULL,
  `id_tugas` bigint(20) NOT NULL,
  `file_tugas` varchar(255) COLLATE utf8mb4_unicode_ci NOT NULL,
  `created_at` timestamp NULL DEFAULT NULL,
  `updated_at` timestamp NULL DEFAULT NULL
) ENGINE=InnoDB DEFAULT CHARSET=utf8mb4 COLLATE=utf8mb4_unicode_ci;

-- --------------------------------------------------------

--
-- Table structure for table `jurusan`
--

CREATE TABLE `jurusan` (
  `id` bigint(20) UNSIGNED NOT NULL,
  `jurusan` varchar(255) COLLATE utf8mb4_unicode_ci NOT NULL,
  `singkatan` varchar(255) COLLATE utf8mb4_unicode_ci NOT NULL,
  `created_at` timestamp NULL DEFAULT NULL,
  `updated_at` timestamp NULL DEFAULT NULL
) ENGINE=InnoDB DEFAULT CHARSET=utf8mb4 COLLATE=utf8mb4_unicode_ci;

--
-- Dumping data for table `jurusan`
--

INSERT INTO `jurusan` (`id`, `jurusan`, `singkatan`, `created_at`, `updated_at`) VALUES
(1, 'Rekayasa Perangkat Lunak', 'RPL', '2023-08-09 18:30:33', '2023-08-09 18:30:33'),
(2, 'DESAIN KOMUNIKASI VISUAL', 'DKV', '2023-08-13 09:05:09', '2023-08-13 09:05:09'),
(3, 'Multimedia', 'MM', '2023-08-13 09:05:43', '2023-08-13 09:05:43'),
(4, 'Telekomunikasi', 'TELCO', '2023-08-13 09:06:32', '2023-08-13 09:06:32'),
(5, 'Teknik Komputer Jaringan', 'TKJ', '2023-08-13 09:07:04', '2023-08-13 09:07:04');

-- --------------------------------------------------------

--
-- Table structure for table `kelas`
--

CREATE TABLE `kelas` (
  `id` bigint(20) UNSIGNED NOT NULL,
  `id_walas` bigint(20) NOT NULL,
  `id_tingkatan` bigint(20) NOT NULL,
  `id_jurusan` bigint(20) NOT NULL,
  `kelas_ke` bigint(20) NOT NULL,
  `kelas` varchar(255) COLLATE utf8mb4_unicode_ci NOT NULL,
  `created_at` timestamp NULL DEFAULT NULL,
  `updated_at` timestamp NULL DEFAULT NULL
) ENGINE=InnoDB DEFAULT CHARSET=utf8mb4 COLLATE=utf8mb4_unicode_ci;

--
-- Dumping data for table `kelas`
--

INSERT INTO `kelas` (`id`, `id_walas`, `id_tingkatan`, `id_jurusan`, `kelas_ke`, `kelas`, `created_at`, `updated_at`) VALUES
(2, 7, 3, 1, 1, 'XII RPL 1', '2023-08-13 10:11:00', '2023-08-13 10:11:00'),
(3, 8, 3, 1, 2, 'XII RPL 2', '2023-08-13 10:11:21', '2023-08-13 10:11:21'),
(4, 9, 3, 5, 1, 'XII TKJ 1', '2023-08-13 10:13:31', '2023-08-13 10:13:31'),
(5, 10, 3, 5, 2, 'XII TKJ 2', '2023-08-13 10:14:03', '2023-08-13 10:14:03'),
(6, 11, 3, 5, 3, 'XII TKJ 3', '2023-08-13 10:14:21', '2023-08-13 10:14:21'),
(7, 12, 3, 3, 1, 'XII MM 1', '2023-08-13 10:14:40', '2023-08-13 10:14:40'),
(8, 13, 3, 3, 2, 'XII MM 2', '2023-08-13 10:14:59', '2023-08-13 10:14:59'),
(9, 14, 3, 3, 3, 'XII MM 3', '2023-08-13 10:15:20', '2023-08-13 10:15:20'),
(10, 15, 3, 4, 1, 'XII TELCO 1', '2023-08-13 10:15:38', '2023-08-13 10:15:38'),
(11, 16, 2, 1, 1, 'XI RPL 1', '2023-08-13 10:17:11', '2023-08-13 10:17:11'),
(12, 17, 2, 1, 2, 'XI RPL 2', '2023-08-13 10:17:30', '2023-08-13 10:17:30'),
(13, 18, 2, 1, 3, 'XI RPL 3', '2023-08-13 10:17:57', '2023-08-13 10:17:57'),
(14, 19, 2, 5, 1, 'XI TKJ 1', '2023-08-13 10:18:24', '2023-08-13 10:18:24'),
(15, 20, 2, 5, 2, 'XI TKJ 2', '2023-08-13 10:22:04', '2023-08-13 10:22:04'),
(16, 21, 2, 5, 3, 'XI TKJ 3', '2023-08-13 10:23:06', '2023-08-13 10:23:06'),
(17, 22, 2, 2, 1, 'XI DKV 1', '2023-08-13 10:23:22', '2023-08-13 10:23:22'),
(18, 23, 2, 2, 2, 'XI DKV 2', '2023-08-13 10:23:37', '2023-08-13 10:23:37'),
(19, 24, 2, 2, 3, 'XI DKV 3', '2023-08-13 10:23:56', '2023-08-13 10:23:56'),
(20, 25, 2, 4, 1, 'XI TELCO 1', '2023-08-13 10:24:12', '2023-08-13 10:24:12'),
(21, 26, 1, 1, 1, 'X RPL 1', '2023-08-13 10:24:30', '2023-08-13 10:24:30'),
(22, 27, 1, 1, 2, 'X RPL 2', '2023-08-13 10:24:44', '2023-08-13 10:24:44'),
(23, 28, 1, 1, 3, 'X RPL 3', '2023-08-13 10:24:57', '2023-08-13 10:24:57'),
(24, 29, 1, 1, 4, 'X RPL 4', '2023-08-13 10:25:09', '2023-08-13 10:25:09'),
(25, 30, 1, 5, 1, 'X TKJ 1', '2023-08-13 10:25:26', '2023-08-13 10:25:26'),
(26, 31, 1, 5, 2, 'X TKJ 2', '2023-08-13 10:25:40', '2023-08-13 10:25:40'),
(27, 32, 1, 2, 1, 'X DKV 1', '2023-08-13 10:25:51', '2023-08-13 10:25:51'),
(28, 33, 1, 2, 2, 'X DKV 2', '2023-08-13 10:26:02', '2023-08-13 10:26:02'),
(29, 34, 1, 2, 3, 'X DKV 3', '2023-08-13 10:26:31', '2023-08-13 10:26:31'),
(30, 35, 1, 4, 1, 'X TELCO 1', '2023-08-13 10:29:10', '2023-08-13 10:29:10');

-- --------------------------------------------------------

--
-- Table structure for table `mapel`
--

CREATE TABLE `mapel` (
  `id` bigint(20) UNSIGNED NOT NULL,
  `id_guru` bigint(20) NOT NULL,
  `id_tingkatan` bigint(20) NOT NULL,
  `id_jurusan` bigint(20) NOT NULL,
  `mapel` varchar(255) COLLATE utf8mb4_unicode_ci NOT NULL,
  `created_at` timestamp NULL DEFAULT NULL,
  `updated_at` timestamp NULL DEFAULT NULL
) ENGINE=InnoDB DEFAULT CHARSET=utf8mb4 COLLATE=utf8mb4_unicode_ci;

--
-- Dumping data for table `mapel`
--

INSERT INTO `mapel` (`id`, `id_guru`, `id_tingkatan`, `id_jurusan`, `mapel`, `created_at`, `updated_at`) VALUES
(1, 3, 1, 1, 'INDO', '2023-08-09 18:32:50', '2023-08-09 18:32:50');

-- --------------------------------------------------------

--
-- Table structure for table `migrations`
--

CREATE TABLE `migrations` (
  `id` int(10) UNSIGNED NOT NULL,
  `migration` varchar(255) COLLATE utf8mb4_unicode_ci NOT NULL,
  `batch` int(11) NOT NULL
) ENGINE=InnoDB DEFAULT CHARSET=utf8mb4 COLLATE=utf8mb4_unicode_ci;

--
-- Dumping data for table `migrations`
--

INSERT INTO `migrations` (`id`, `migration`, `batch`) VALUES
(1, '2014_10_12_000000_create_users_table', 1),
(2, '2014_10_12_100000_create_password_resets_table', 1),
(3, '2019_08_19_000000_create_failed_jobs_table', 1),
(4, '2019_12_14_000001_create_personal_access_tokens_table', 1),
(5, '2022_03_31_160721_siswa', 1),
(6, '2022_03_31_161916_kelas', 1),
(7, '2022_04_03_133820_create_absensi_siswa_table', 1),
(8, '2022_04_03_140028_create_absensi_guru_table', 1),
(9, '2022_04_03_142554_create_tgl_absensi_table', 1),
(10, '2022_04_16_073737_create_tugas_table', 1),
(11, '2022_04_16_075823_create_file_tugas_table', 1),
(12, '2022_04_22_112755_create_jurusan_table', 1),
(13, '2022_04_22_112938_create_tingkatan_table', 1),
(14, '2022_04_23_052547_create_mapel_table', 1),
(15, '2022_04_28_162122_create_pengaturan_absensi_table', 1),
(18, '2023_08_13_182857_absen_masuk_siswa', 2),
(19, '2023_08_13_183118_akun_qr', 2),
(20, '2023_08_17_204339_sw_site', 3);

-- --------------------------------------------------------

--
-- Table structure for table `password_resets`
--

CREATE TABLE `password_resets` (
  `email` varchar(255) COLLATE utf8mb4_unicode_ci NOT NULL,
  `token` varchar(255) COLLATE utf8mb4_unicode_ci NOT NULL,
  `created_at` timestamp NULL DEFAULT NULL
) ENGINE=InnoDB DEFAULT CHARSET=utf8mb4 COLLATE=utf8mb4_unicode_ci;

-- --------------------------------------------------------

--
-- Table structure for table `pengaturan_absensi`
--

CREATE TABLE `pengaturan_absensi` (
  `id` bigint(20) UNSIGNED NOT NULL,
  `pengumpulan` varchar(255) COLLATE utf8mb4_unicode_ci NOT NULL,
  `perubahan` varchar(255) COLLATE utf8mb4_unicode_ci NOT NULL,
  `penghapusan` varchar(255) COLLATE utf8mb4_unicode_ci NOT NULL,
  `created_at` timestamp NULL DEFAULT NULL,
  `updated_at` timestamp NULL DEFAULT NULL
) ENGINE=InnoDB DEFAULT CHARSET=utf8mb4 COLLATE=utf8mb4_unicode_ci;

--
-- Dumping data for table `pengaturan_absensi`
--

INSERT INTO `pengaturan_absensi` (`id`, `pengumpulan`, `perubahan`, `penghapusan`, `created_at`, `updated_at`) VALUES
(1, '22:46:00', '21:42:00', '23:48:00', '2023-08-09 18:43:16', '2023-08-13 11:19:46');

-- --------------------------------------------------------

--
-- Table structure for table `personal_access_tokens`
--

CREATE TABLE `personal_access_tokens` (
  `id` bigint(20) UNSIGNED NOT NULL,
  `tokenable_type` varchar(255) COLLATE utf8mb4_unicode_ci NOT NULL,
  `tokenable_id` bigint(20) UNSIGNED NOT NULL,
  `name` varchar(255) COLLATE utf8mb4_unicode_ci NOT NULL,
  `token` varchar(64) COLLATE utf8mb4_unicode_ci NOT NULL,
  `abilities` text COLLATE utf8mb4_unicode_ci DEFAULT NULL,
  `last_used_at` timestamp NULL DEFAULT NULL,
  `created_at` timestamp NULL DEFAULT NULL,
  `updated_at` timestamp NULL DEFAULT NULL
) ENGINE=InnoDB DEFAULT CHARSET=utf8mb4 COLLATE=utf8mb4_unicode_ci;

-- --------------------------------------------------------

--
-- Table structure for table `siswa`
--

CREATE TABLE `siswa` (
  `id` bigint(20) UNSIGNED NOT NULL,
  `id_kelas` bigint(20) NOT NULL,
  `nis` varchar(255) COLLATE utf8mb4_unicode_ci NOT NULL,
  `nama` varchar(255) COLLATE utf8mb4_unicode_ci NOT NULL,
  `created_at` timestamp NULL DEFAULT NULL,
  `updated_at` timestamp NULL DEFAULT NULL
) ENGINE=InnoDB DEFAULT CHARSET=utf8mb4 COLLATE=utf8mb4_unicode_ci;

--
-- Dumping data for table `siswa`
--

INSERT INTO `siswa` (`id`, `id_kelas`, `nis`, `nama`, `created_at`, `updated_at`) VALUES
(1, 11, '222310084', 'ABID KHALID RABBANI ', '0000-00-00 00:00:00', '0000-00-00 00:00:00'),
(2, 11, '222310115', 'ABID PURNOMO', '0000-00-00 00:00:00', '0000-00-00 00:00:00'),
(3, 11, '222310146', 'ADELLEYA HARYANI', '0000-00-00 00:00:00', '0000-00-00 00:00:00'),
(4, 11, '222310088', 'ALIF FAKIH ARRASYID ', '0000-00-00 00:00:00', '0000-00-00 00:00:00'),
(5, 11, '222310151', 'AULIA SYIFA MUTIARANI', '0000-00-00 00:00:00', '0000-00-00 00:00:00'),
(6, 11, '222310152', 'BRILIAN RIKHAT PAMBUDI', '0000-00-00 00:00:00', '0000-00-00 00:00:00'),
(7, 11, '222310153', 'CALLYSTA SALWA PUTRI GOFUR ', '0000-00-00 00:00:00', '0000-00-00 00:00:00'),
(8, 11, '222310090', 'CEYSAR RIZAL RASIED', '0000-00-00 00:00:00', '0000-00-00 00:00:00'),
(9, 11, '222310092', 'DZAKY NAUFAL FAUZAN', '0000-00-00 00:00:00', '0000-00-00 00:00:00'),
(10, 11, '222310155', 'FAHREL IBNU SUPARDI', '0000-00-00 00:00:00', '0000-00-00 00:00:00'),
(11, 11, '222310093', 'FAIZ DAFFA RAFIANSYAH ', '0000-00-00 00:00:00', '0000-00-00 00:00:00'),
(12, 11, '222310160', 'HAZEL TARA ZEEREILDA RAHARJO', '0000-00-00 00:00:00', '0000-00-00 00:00:00'),
(13, 11, '222310127', 'ILHAM MAULANA SUHENDRA', '0000-00-00 00:00:00', '0000-00-00 00:00:00'),
(14, 11, '222310162', 'JOAN SETYO NUGROHO FARIANSYAH PUTRA KELANA', '0000-00-00 00:00:00', '0000-00-00 00:00:00'),
(15, 11, '222310163', 'JOSHUA PUTRA NUGROHO', '0000-00-00 00:00:00', '0000-00-00 00:00:00'),
(16, 11, '222310130', 'MOHAMAD RASYA DHARMAWAN', '0000-00-00 00:00:00', '0000-00-00 00:00:00'),
(17, 11, '222310131', 'MUHAMAD GABRIEL SAVIOLA ', '0000-00-00 00:00:00', '0000-00-00 00:00:00'),
(18, 11, '222310100', 'MUHAMAD YUSUF SOBIRIN', '0000-00-00 00:00:00', '0000-00-00 00:00:00'),
(19, 11, '222310166', 'MUHAMMAD TEGAR RADIKA', '0000-00-00 00:00:00', '0000-00-00 00:00:00'),
(20, 11, '222310170', 'MUHAMMAD ZIDAN APRILIYANTO', '0000-00-00 00:00:00', '0000-00-00 00:00:00'),
(21, 11, '222310104', 'NABIL ADITYA RAHMANI ', '0000-00-00 00:00:00', '0000-00-00 00:00:00'),
(22, 11, '222310171', 'PANDU RAFA HANGGORO', '0000-00-00 00:00:00', '0000-00-00 00:00:00'),
(23, 11, '222310106', 'RADITYA IBNU HARDIYANTO', '0000-00-00 00:00:00', '0000-00-00 00:00:00'),
(24, 11, '222310138', 'RAFI RISQILAH', '0000-00-00 00:00:00', '0000-00-00 00:00:00'),
(25, 11, '222310174', 'REIVAN TRISHA ERLANGGA', '0000-00-00 00:00:00', '0000-00-00 00:00:00'),
(26, 11, '222310175', 'RIFALDI ARYA GUSTAMA', '0000-00-00 00:00:00', '0000-00-00 00:00:00'),
(27, 11, '222310111', 'SHERYL CALISTA MEIAZAHRA', '0000-00-00 00:00:00', '0000-00-00 00:00:00'),
(28, 11, '222310112', 'SYAFIQ AL KADRI', '0000-00-00 00:00:00', '0000-00-00 00:00:00'),
(29, 11, '222310143', 'VIRNIE FIVEVIRIANI', '0000-00-00 00:00:00', '0000-00-00 00:00:00'),
(30, 11, '222310176', 'WIRANDA HADI ZULIANDIKA', '0000-00-00 00:00:00', '0000-00-00 00:00:00'),
(31, 11, '222310145', 'YORDAN MIRZA HANIF', '0000-00-00 00:00:00', '0000-00-00 00:00:00'),
(32, 12, '222310085', 'AGUNG BAGASKARA', '0000-00-00 00:00:00', '0000-00-00 00:00:00'),
(33, 12, '222310148', 'AHMAD ILHAM FARIZQI', '0000-00-00 00:00:00', '0000-00-00 00:00:00'),
(34, 12, '222310087', 'AISYAH LITUHAYU WIDYADANA', '0000-00-00 00:00:00', '0000-00-00 00:00:00'),
(35, 12, '222310117', 'ALFIN ACHSANI ', '0000-00-00 00:00:00', '0000-00-00 00:00:00'),
(36, 12, '222310150', 'ANTONIUS ARDI PANDUJAYA', '0000-00-00 00:00:00', '0000-00-00 00:00:00'),
(37, 12, '222310120', 'DANDI FIRMANSYAH', '0000-00-00 00:00:00', '0000-00-00 00:00:00'),
(38, 12, '222310091', 'DIANDRA WAHYU TRIATMOJO', '0000-00-00 00:00:00', '0000-00-00 00:00:00'),
(39, 12, '222310154', 'DIMAZ ERLANGGA ', '0000-00-00 00:00:00', '0000-00-00 00:00:00'),
(40, 12, '222310121', 'DIVA JULI ASYIFAH', '0000-00-00 00:00:00', '0000-00-00 00:00:00'),
(41, 12, '222310156', 'FAREL ARANTA', '0000-00-00 00:00:00', '0000-00-00 00:00:00'),
(42, 12, '222310124', 'FATIR RASYA ', '0000-00-00 00:00:00', '0000-00-00 00:00:00'),
(43, 12, '222310157', 'FREY AYOGA AZKA ', '0000-00-00 00:00:00', '0000-00-00 00:00:00'),
(44, 12, '222310095', 'FRISTARA YURI FARDHAN', '0000-00-00 00:00:00', '0000-00-00 00:00:00'),
(45, 12, '222310158', 'GAYUH MUKTI AJI ', '0000-00-00 00:00:00', '0000-00-00 00:00:00'),
(46, 12, '222310096', 'GHONIYYU GAMA MANGGALA', '0000-00-00 00:00:00', '0000-00-00 00:00:00'),
(47, 12, '222310097', 'IHSANUL RIZKY MERDIANSYAH', '0000-00-00 00:00:00', '0000-00-00 00:00:00'),
(48, 12, '222310128', 'JOSEPH WALTER FERDINANDUS ', '0000-00-00 00:00:00', '0000-00-00 00:00:00'),
(49, 12, '222310101', 'MUHAMAD DHANI RIZKI', '0000-00-00 00:00:00', '0000-00-00 00:00:00'),
(50, 12, '222310132', 'MUHAMMAD ADAM ALFAZEIN', '0000-00-00 00:00:00', '0000-00-00 00:00:00'),
(51, 12, '222310167', 'MUHAMMAD AZHAR NUR HAFIZH', '0000-00-00 00:00:00', '0000-00-00 00:00:00'),
(52, 12, '222310133', 'MUHAMMAD ERFATH DARUSSALAM', '0000-00-00 00:00:00', '0000-00-00 00:00:00'),
(53, 12, '222310102', 'MUHAMMAD FATIH ARDHIASA', '0000-00-00 00:00:00', '0000-00-00 00:00:00'),
(54, 12, '222310129', 'MUHAMMAD THORIQ AL FATIH', '0000-00-00 00:00:00', '0000-00-00 00:00:00'),
(55, 12, '222310164', 'MUHAMMAD ZUKHRUF MUJAHID', '0000-00-00 00:00:00', '0000-00-00 00:00:00'),
(56, 12, '222310105', 'NAJWA IRA NURWAHDAH', '0000-00-00 00:00:00', '0000-00-00 00:00:00'),
(57, 12, '222310107', 'RAFLI KAMAL MUSTOFA', '0000-00-00 00:00:00', '0000-00-00 00:00:00'),
(58, 12, '222310139', 'RASYA ADITIA GUNAWAN', '0000-00-00 00:00:00', '0000-00-00 00:00:00'),
(59, 12, '222310108', 'REVAN CAHYA RAMADHAN', '0000-00-00 00:00:00', '0000-00-00 00:00:00'),
(60, 12, '222310140', 'RIDHO ANANDA ABYAN ', '0000-00-00 00:00:00', '0000-00-00 00:00:00'),
(61, 12, '222310142', 'SINTA NOVIANTI', '0000-00-00 00:00:00', '0000-00-00 00:00:00'),
(62, 12, '222310144', 'WIDYAN WILIS SUKMANATA', '0000-00-00 00:00:00', '0000-00-00 00:00:00'),
(63, 12, '222310114', 'YAZID YUSUF', '0000-00-00 00:00:00', '0000-00-00 00:00:00'),
(64, 13, '222310147', 'ADITHYA HAMID PRATAMA', '0000-00-00 00:00:00', '0000-00-00 00:00:00'),
(65, 13, '222310116', 'AHMAD DZAKY HERMAWAN', '0000-00-00 00:00:00', '0000-00-00 00:00:00'),
(66, 13, '222310086', 'AHMAT RIDHO OKTAFIAN ', '0000-00-00 00:00:00', '0000-00-00 00:00:00'),
(67, 13, '222310292', 'ALBAQO FERGIE FRANSCISCO', '0000-00-00 00:00:00', '0000-00-00 00:00:00'),
(68, 13, '222310149', 'ALI ZEFAN SYUKUR', '0000-00-00 00:00:00', '0000-00-00 00:00:00'),
(69, 13, '222310118', 'ARYA MAHESA KUSUMAWARDHANI', '0000-00-00 00:00:00', '0000-00-00 00:00:00'),
(70, 13, '222310089', 'AZIZA RIZKIA RAHMASHANI', '0000-00-00 00:00:00', '0000-00-00 00:00:00'),
(71, 13, '222310119', 'BILQIS PUTRI JAMEELAH', '0000-00-00 00:00:00', '0000-00-00 00:00:00'),
(72, 13, '222310122', 'EUWLIPIN NATANOEL SAUDALE', '0000-00-00 00:00:00', '0000-00-00 00:00:00'),
(73, 13, '222310123', 'FAIZ THORIQ AL BANA', '0000-00-00 00:00:00', '0000-00-00 00:00:00'),
(74, 13, '222310094', 'FARIS HADINATA', '0000-00-00 00:00:00', '0000-00-00 00:00:00'),
(75, 13, '222310125', 'GALANG RAMADHAN', '0000-00-00 00:00:00', '0000-00-00 00:00:00'),
(76, 13, '222310126', 'HAIKAL ALIF PASYA', '0000-00-00 00:00:00', '0000-00-00 00:00:00'),
(77, 13, '222310159', 'HASNA HAFIDZAH IZDIHAR', '0000-00-00 00:00:00', '0000-00-00 00:00:00'),
(78, 13, '222310161', 'IRFAN PRASETIYO', '0000-00-00 00:00:00', '0000-00-00 00:00:00'),
(79, 13, '222310098', 'MALIK HIDAYAT ', '0000-00-00 00:00:00', '0000-00-00 00:00:00'),
(80, 13, '222310165', 'MOHAMMAD RAFLY FIRMANSYAH ', '0000-00-00 00:00:00', '0000-00-00 00:00:00'),
(81, 13, '222310099', 'MUHAMAD FAUZAN FADILLAH ', '0000-00-00 00:00:00', '0000-00-00 00:00:00'),
(82, 13, '222310168', 'MUHAMMAD ERVAN FEBRIANO', '0000-00-00 00:00:00', '0000-00-00 00:00:00'),
(83, 13, '222310134', 'MUHAMMAD PRASTA NUR ALI', '0000-00-00 00:00:00', '0000-00-00 00:00:00'),
(84, 13, '222310169', 'MUHAMMAD RADITYA AFIF RAHMAN', '0000-00-00 00:00:00', '0000-00-00 00:00:00'),
(85, 13, '222310103', 'MUHAMMAD RAKHA ATHA PUTRA ', '0000-00-00 00:00:00', '0000-00-00 00:00:00'),
(86, 13, '222310135', 'MUHAMMAD ZAIDAAN AMIIRUDDIIN', '0000-00-00 00:00:00', '0000-00-00 00:00:00'),
(87, 13, '222310136', 'NABILY AL ADLY NAWAL KAMAL ', '0000-00-00 00:00:00', '0000-00-00 00:00:00'),
(88, 13, '222310137', 'NAZWA ALIFA RAHMADHANI', '0000-00-00 00:00:00', '0000-00-00 00:00:00'),
(89, 13, '222310172', 'RAFID ADRIYAN SAPUTRA', '0000-00-00 00:00:00', '0000-00-00 00:00:00'),
(90, 13, '222310173', 'RAJWA NAIMA ', '0000-00-00 00:00:00', '0000-00-00 00:00:00'),
(91, 13, '222310109', 'RIZAL FERDIANSYAH ', '0000-00-00 00:00:00', '0000-00-00 00:00:00'),
(92, 13, '222310141', 'RIZKI HANIF SYAWALUDIN', '0000-00-00 00:00:00', '0000-00-00 00:00:00'),
(93, 13, '222310110', 'SALMAN ILYAS ANNAFI', '0000-00-00 00:00:00', '0000-00-00 00:00:00'),
(94, 13, '222310113', 'TALITHA EVANIA LARISSA ', '0000-00-00 00:00:00', '0000-00-00 00:00:00'),
(95, 13, '222310290', 'TANNU ADHIE WIJAYA', '0000-00-00 00:00:00', '0000-00-00 00:00:00'),
(96, 14, '222310234', 'A.YULIA SETIA NUR ABADI', '0000-00-00 00:00:00', '0000-00-00 00:00:00'),
(97, 14, '222310178', 'AFIYATUZ ZAHIRA AHMAD', '0000-00-00 00:00:00', '0000-00-00 00:00:00'),
(98, 14, '222310179', 'AGIL KEYZA RAKESMALA', '0000-00-00 00:00:00', '0000-00-00 00:00:00'),
(99, 14, '222310180', 'AHMAD MALIK ARRAYYAN', '0000-00-00 00:00:00', '0000-00-00 00:00:00'),
(100, 14, '222310209', 'ALVITO ISMAIL PASHA', '0000-00-00 00:00:00', '0000-00-00 00:00:00'),
(101, 14, '222310239', 'AMARE TRYPUTRA MUHARAM', '0000-00-00 00:00:00', '0000-00-00 00:00:00'),
(102, 14, '222310184', 'BAGAS EDI SAPUTRO', '0000-00-00 00:00:00', '0000-00-00 00:00:00'),
(103, 14, '222310185', 'DANY NUR ALIF', '0000-00-00 00:00:00', '0000-00-00 00:00:00'),
(104, 14, '222310214', 'FADHILLAH MUHAMMAD NUR HAFIZ', '0000-00-00 00:00:00', '0000-00-00 00:00:00'),
(105, 14, '222310243', 'FAKHRI MULYANA YUSUF', '0000-00-00 00:00:00', '0000-00-00 00:00:00'),
(106, 14, '222310190', 'KLEMENTINA RAFAELA ABUK ASA', '0000-00-00 00:00:00', '0000-00-00 00:00:00'),
(107, 14, '222310217', 'LAILLA SHELVINA PUTRI', '0000-00-00 00:00:00', '0000-00-00 00:00:00'),
(108, 14, '222310220', 'MOHAMAD NAUFAL MUBAROK ', '0000-00-00 00:00:00', '0000-00-00 00:00:00'),
(109, 14, '222310247', 'MUHAMAD FATHIR ARLIANSAH', '0000-00-00 00:00:00', '0000-00-00 00:00:00'),
(110, 14, '222310221', 'MUHAMMAD DAFA FIRDAUS', '0000-00-00 00:00:00', '0000-00-00 00:00:00'),
(111, 14, '222310251', 'MUHAMMAD FARRAS HAZIM ', '0000-00-00 00:00:00', '0000-00-00 00:00:00'),
(112, 14, '222310195', 'MUHAMMAD FIQIH ARDIANSYAH ', '0000-00-00 00:00:00', '0000-00-00 00:00:00'),
(113, 14, '222310253', 'MUHAMMAD YAZID MAULANA YUSUF', '0000-00-00 00:00:00', '0000-00-00 00:00:00'),
(114, 14, '222310197', 'MULIA HASAN BASRI D.', '0000-00-00 00:00:00', '0000-00-00 00:00:00'),
(115, 14, '222310254', 'NAFISA NOVIYANTI', '0000-00-00 00:00:00', '0000-00-00 00:00:00'),
(116, 14, '222310226', 'NURUL AINI ', '0000-00-00 00:00:00', '0000-00-00 00:00:00'),
(117, 14, '222310227', 'PANDU HILMY DIANDRA PUTRA', '0000-00-00 00:00:00', '0000-00-00 00:00:00'),
(118, 14, '222310293', 'PANJI HANNYBAMA RIBYANTO', '0000-00-00 00:00:00', '0000-00-00 00:00:00'),
(119, 14, '222310256', 'QAISH ABU BAKAR AS-SHIDIQ', '0000-00-00 00:00:00', '0000-00-00 00:00:00'),
(120, 14, '222310257', 'RAFFANDI DANISH WIDIYATNA', '0000-00-00 00:00:00', '0000-00-00 00:00:00'),
(121, 14, '222310285', 'RAIHAN RIZQI MAULANA', '0000-00-00 00:00:00', '0000-00-00 00:00:00'),
(122, 14, '222310229', 'RAKA ACHMAD DJAELANI', '0000-00-00 00:00:00', '0000-00-00 00:00:00'),
(123, 14, '222310231', 'SHAFA JAUZA RAMADHANI', '0000-00-00 00:00:00', '0000-00-00 00:00:00'),
(124, 15, '222310177', 'ABIYYU VELDINIO', '0000-00-00 00:00:00', '0000-00-00 00:00:00'),
(125, 15, '222310206', 'AGUNG SUSILA PUTRA ', '0000-00-00 00:00:00', '0000-00-00 00:00:00'),
(126, 15, '222310236', 'AHMAD FAZRI SETIAWAN', '0000-00-00 00:00:00', '0000-00-00 00:00:00'),
(127, 15, '222310207', 'AHMAD ZAIDAN RIZKY HERWANTO', '0000-00-00 00:00:00', '0000-00-00 00:00:00'),
(128, 15, '222310208', 'AISYAH MAULIDIA', '0000-00-00 00:00:00', '0000-00-00 00:00:00'),
(129, 15, '222310238', 'ALFA YUDHA TRI VIDHIYANSYAH', '0000-00-00 00:00:00', '0000-00-00 00:00:00'),
(130, 15, '222310182', 'AMBRI ALUN SAMUDRA', '0000-00-00 00:00:00', '0000-00-00 00:00:00'),
(131, 15, '222310240', 'ANGGA PRASETIYO', '0000-00-00 00:00:00', '0000-00-00 00:00:00'),
(132, 15, '222310211', 'ARYA HADI RAMDHANI', '0000-00-00 00:00:00', '0000-00-00 00:00:00'),
(133, 15, '222310241', 'AULIA ABDUL AZIS', '0000-00-00 00:00:00', '0000-00-00 00:00:00'),
(134, 15, '222310212', 'BIMA REZA SYAHPUTRA', '0000-00-00 00:00:00', '0000-00-00 00:00:00'),
(135, 15, '222310291', 'DIAN AKHRAS KURNIA', '0000-00-00 00:00:00', '0000-00-00 00:00:00'),
(136, 15, '222310186', 'ESTHY NASWA NATHANIA', '0000-00-00 00:00:00', '0000-00-00 00:00:00'),
(137, 15, '222310187', 'FADHIL RAMADHAN ', '0000-00-00 00:00:00', '0000-00-00 00:00:00'),
(138, 15, '222310244', 'FAHMI MUHAIMIN ', '0000-00-00 00:00:00', '0000-00-00 00:00:00'),
(139, 15, '222310246', 'HIKMAH NUR AISYAH', '0000-00-00 00:00:00', '0000-00-00 00:00:00'),
(140, 15, '222310189', 'IMAN FADILLAH', '0000-00-00 00:00:00', '0000-00-00 00:00:00'),
(141, 15, '222310218', 'M. FAHRI AL KHAFI ', '0000-00-00 00:00:00', '0000-00-00 00:00:00'),
(142, 15, '222310249', 'MUHAMMAD ARYO WIBOWO ', '0000-00-00 00:00:00', '0000-00-00 00:00:00'),
(143, 15, '222310194', 'MUHAMMAD FACHRIEL BUCHORI', '0000-00-00 00:00:00', '0000-00-00 00:00:00'),
(144, 15, '222310252', 'MUHAMMAD HAFIZH FIRDAUS', '0000-00-00 00:00:00', '0000-00-00 00:00:00'),
(145, 15, '222310196', 'MUHAMMAD RIJIQ ARRABI ', '0000-00-00 00:00:00', '0000-00-00 00:00:00'),
(146, 15, '222310219', 'MUHAMMAD RIZKY TAMMAM ADYTIA ', '0000-00-00 00:00:00', '0000-00-00 00:00:00'),
(147, 15, '222310224', 'NAJIB SHADDAD', '0000-00-00 00:00:00', '0000-00-00 00:00:00'),
(148, 15, '222310225', 'NAJLA HASNA NABILAH ', '0000-00-00 00:00:00', '0000-00-00 00:00:00'),
(149, 15, '222310255', 'NAUFAL ADIRAINO', '0000-00-00 00:00:00', '0000-00-00 00:00:00'),
(150, 15, '222310198', 'NAUFAL AZKA PUTRA AMALUDIN ', '0000-00-00 00:00:00', '0000-00-00 00:00:00'),
(151, 15, '222310200', 'RADITYA YUSUF NUR FATHIRLLAH', '0000-00-00 00:00:00', '0000-00-00 00:00:00'),
(152, 15, '222310203', 'SEPTIA AYU WULANDARI', '0000-00-00 00:00:00', '0000-00-00 00:00:00'),
(153, 16, '222310235', 'ABIEL KUSUMA PUTRA RAMADHAN ', '0000-00-00 00:00:00', '0000-00-00 00:00:00'),
(154, 16, '222310237', 'AISYAH ', '0000-00-00 00:00:00', '0000-00-00 00:00:00'),
(155, 16, '222310181', 'ALIF ALFARIZI', '0000-00-00 00:00:00', '0000-00-00 00:00:00'),
(156, 16, '222310183', 'AULIA DESTI ANGGRAINI ', '0000-00-00 00:00:00', '0000-00-00 00:00:00'),
(157, 16, '222310242', 'DAMAR ABDI FAEYZA', '0000-00-00 00:00:00', '0000-00-00 00:00:00'),
(158, 16, '222310213', 'ERYK NYELA DIO', '0000-00-00 00:00:00', '0000-00-00 00:00:00'),
(159, 16, '222310188', 'FARIS SYADDAAD SAPUTRA', '0000-00-00 00:00:00', '0000-00-00 00:00:00'),
(160, 16, '222310215', 'FATHUR ARYA SUSENA ', '0000-00-00 00:00:00', '0000-00-00 00:00:00'),
(161, 16, '222310245', 'FATIH TRI HARJUANDI', '0000-00-00 00:00:00', '0000-00-00 00:00:00'),
(162, 16, '222310216', 'GHOITSA MU\'THIYA ISHMAH ', '0000-00-00 00:00:00', '0000-00-00 00:00:00'),
(163, 16, '222310248', 'MOHAMMAD ZUL QORNAIN', '0000-00-00 00:00:00', '0000-00-00 00:00:00'),
(164, 16, '222310192', 'MUHAMAD BILRIZKI', '0000-00-00 00:00:00', '0000-00-00 00:00:00'),
(165, 16, '222310193', 'MUHAMMAD AZHAR PRATAMA ARIANTO', '0000-00-00 00:00:00', '0000-00-00 00:00:00'),
(166, 16, '222310191', 'MUHAMMAD AZRIL ACHDI', '0000-00-00 00:00:00', '0000-00-00 00:00:00'),
(167, 16, '222310250', 'MUHAMMAD DAFFA ALKINDI', '0000-00-00 00:00:00', '0000-00-00 00:00:00'),
(168, 16, '222310222', 'MUHAMMAD FAISAL HAFIDZ', '0000-00-00 00:00:00', '0000-00-00 00:00:00'),
(169, 16, '222310223', 'MUHAMMAD SAHRU EKA SYAHLEVY', '0000-00-00 00:00:00', '0000-00-00 00:00:00'),
(170, 16, '222310199', 'NAYLA RACHMAWATI ASY-SYIFA', '0000-00-00 00:00:00', '0000-00-00 00:00:00'),
(171, 16, '222310228', 'RAFFA BUDHI PRATAMA', '0000-00-00 00:00:00', '0000-00-00 00:00:00'),
(172, 16, '222310201', 'RAJWA RAFIF AGUSLI ', '0000-00-00 00:00:00', '0000-00-00 00:00:00'),
(173, 16, '222310258', 'RANDY AHMAD ALIFI', '0000-00-00 00:00:00', '0000-00-00 00:00:00'),
(174, 16, '222310202', 'RAYHAN WAJENDRA FARUQ', '0000-00-00 00:00:00', '0000-00-00 00:00:00'),
(175, 16, '222310259', 'RAZWA MAWLA AL-RAFFI', '0000-00-00 00:00:00', '0000-00-00 00:00:00'),
(176, 16, '222310230', 'RENOLD ABI WIJAYA', '0000-00-00 00:00:00', '0000-00-00 00:00:00'),
(177, 16, '222310260', 'RIZKI ANUGRAH BUCHORI', '0000-00-00 00:00:00', '0000-00-00 00:00:00'),
(178, 16, '222310261', 'SHAFA NAILAH HUTAJULU', '0000-00-00 00:00:00', '0000-00-00 00:00:00'),
(179, 16, '222310204', 'SYERIL NURUL FHATYA', '0000-00-00 00:00:00', '0000-00-00 00:00:00'),
(180, 16, '222310233', 'YAZID YASKUR MUHAMMAD ', '0000-00-00 00:00:00', '0000-00-00 00:00:00'),
(181, 17, '222310001', 'ABIY FATHIN NUGROHO', '0000-00-00 00:00:00', '0000-00-00 00:00:00'),
(182, 17, '222310056', 'AZKA ROSYIDYA WIDODARI', '0000-00-00 00:00:00', '0000-00-00 00:00:00'),
(183, 17, '222310032', 'DZAKI MAULANA AHMAD ', '0000-00-00 00:00:00', '0000-00-00 00:00:00'),
(184, 17, '222310060', 'FAIZ SAHAL MAHFUDZ', '0000-00-00 00:00:00', '0000-00-00 00:00:00'),
(185, 17, '222310033', 'FARAH ANNISA', '0000-00-00 00:00:00', '0000-00-00 00:00:00'),
(186, 17, '222310062', 'FAWALIDAH MUKAROMAH HARAHAP', '0000-00-00 00:00:00', '0000-00-00 00:00:00'),
(187, 17, '222310008', 'FINANDA SEPTIA NINGRUM', '0000-00-00 00:00:00', '0000-00-00 00:00:00'),
(188, 17, '222310063', 'HANIFA AZZAHRA', '0000-00-00 00:00:00', '0000-00-00 00:00:00'),
(189, 17, '222310036', 'HELENA FELISHA PORTELI', '0000-00-00 00:00:00', '0000-00-00 00:00:00'),
(190, 17, '222310012', 'LUTHFIAH NUUR FAATIN ', '0000-00-00 00:00:00', '0000-00-00 00:00:00'),
(191, 17, '222310013', 'MALIQ RANGGA ARRASI', '0000-00-00 00:00:00', '0000-00-00 00:00:00'),
(192, 17, '222310067', 'MUHAMAD DIARA PUTRA HARIANTO', '0000-00-00 00:00:00', '0000-00-00 00:00:00'),
(193, 17, '222310041', 'MUHAMMAD FAISAL RAHMAT', '0000-00-00 00:00:00', '0000-00-00 00:00:00'),
(194, 17, '222310068', 'MUHAMMAD FAKHRI AR-RANTISI HENDRO SUBAGIO ', '0000-00-00 00:00:00', '0000-00-00 00:00:00'),
(195, 17, '222310042', 'MUHAMMAD FARLY ', '0000-00-00 00:00:00', '0000-00-00 00:00:00'),
(196, 17, '222310069', 'MUHAMMAD RAFFI BAGUS SAPUTRA', '0000-00-00 00:00:00', '0000-00-00 00:00:00'),
(197, 17, '222310044', 'NAFISAH NAILAL NADINE', '0000-00-00 00:00:00', '0000-00-00 00:00:00'),
(198, 17, '222310072', 'NAYA RAINI SABIAN ', '0000-00-00 00:00:00', '0000-00-00 00:00:00'),
(199, 17, '222310019', 'NAYLA IZZA', '0000-00-00 00:00:00', '0000-00-00 00:00:00'),
(200, 17, '222310047', 'NIKOLAS SAPUTRA', '0000-00-00 00:00:00', '0000-00-00 00:00:00'),
(201, 17, '222310020', 'NUR RAHADATUL \'AISYI', '0000-00-00 00:00:00', '0000-00-00 00:00:00'),
(202, 17, '222310021', 'PUTRA RAJENDRA SAFI RAMADHAN', '0000-00-00 00:00:00', '0000-00-00 00:00:00'),
(203, 17, '222310048', 'PUTRI ZAKIATUL ULYA', '0000-00-00 00:00:00', '0000-00-00 00:00:00'),
(204, 17, '222310023', 'RAISYA DWI FADHILAH', '0000-00-00 00:00:00', '0000-00-00 00:00:00'),
(205, 17, '222310078', 'REVALINA NUR ANISA SETYARINI', '0000-00-00 00:00:00', '0000-00-00 00:00:00'),
(206, 17, '222310053', 'RIFQI SALMAN', '0000-00-00 00:00:00', '0000-00-00 00:00:00'),
(207, 17, '222310027', 'WINDI ALLYSIA KODRATULLAH', '0000-00-00 00:00:00', '0000-00-00 00:00:00'),
(208, 18, '222310002', 'ALISA APRILIA RIZKI', '0000-00-00 00:00:00', '0000-00-00 00:00:00'),
(209, 18, '222310029', 'ARLIANO PANDU RIZKYSEGARA HANIRTA', '0000-00-00 00:00:00', '0000-00-00 00:00:00'),
(210, 18, '222310031', 'CHELSY OLIVIA PUTRI', '0000-00-00 00:00:00', '0000-00-00 00:00:00'),
(211, 18, '222310005', 'DAFFA\' LUTHFITA SARI', '0000-00-00 00:00:00', '0000-00-00 00:00:00'),
(212, 18, '222310006', 'FAKHRI HADIMAS SURYA', '0000-00-00 00:00:00', '0000-00-00 00:00:00'),
(213, 18, '222310007', 'FATHIRRIFQI CESARIO', '0000-00-00 00:00:00', '0000-00-00 00:00:00'),
(214, 18, '222310035', 'HALIZA AULIA NUR AURA', '0000-00-00 00:00:00', '0000-00-00 00:00:00'),
(215, 18, '222310064', 'INTAN ZALFA AZZAHRA', '0000-00-00 00:00:00', '0000-00-00 00:00:00'),
(216, 18, '222310038', 'LAUDYA DESVIANI PUTRI', '0000-00-00 00:00:00', '0000-00-00 00:00:00'),
(217, 18, '222310065', 'LULU KHALILA KARIB', '0000-00-00 00:00:00', '0000-00-00 00:00:00'),
(218, 18, '222310039', 'MAGHFIRA IZZANI KHOIRUNNISA', '0000-00-00 00:00:00', '0000-00-00 00:00:00'),
(219, 18, '222310040', 'MICHAEL PUTRA MARTHEN', '0000-00-00 00:00:00', '0000-00-00 00:00:00'),
(220, 18, '222310066', 'MOZA KIRANA PUTRI', '0000-00-00 00:00:00', '0000-00-00 00:00:00'),
(221, 18, '222310015', 'MUHAMMAD FARHAN ', '0000-00-00 00:00:00', '0000-00-00 00:00:00'),
(222, 18, '222310070', 'MUHAMMAD ZIKRI FAUZAN', '0000-00-00 00:00:00', '0000-00-00 00:00:00'),
(223, 18, '222310017', 'NADIA KIREIKO PUTRI DAVID', '0000-00-00 00:00:00', '0000-00-00 00:00:00'),
(224, 18, '222310071', 'NAFISAH SHIFA AZZAHRA', '0000-00-00 00:00:00', '0000-00-00 00:00:00'),
(225, 18, '222310046', 'NAYLA OKTAVIANA JUSUF ', '0000-00-00 00:00:00', '0000-00-00 00:00:00'),
(226, 18, '222310074', 'NOVRIAL VALDERAMA HINELO', '0000-00-00 00:00:00', '0000-00-00 00:00:00'),
(227, 18, '222310022', 'QUINI AULIA PUAN PAMBUDI', '0000-00-00 00:00:00', '0000-00-00 00:00:00'),
(228, 18, '222310049', 'RAFEE ZAYDAN ', '0000-00-00 00:00:00', '0000-00-00 00:00:00'),
(229, 18, '222310050', 'RAHMANIA WIDYA UTAMI', '0000-00-00 00:00:00', '0000-00-00 00:00:00'),
(230, 18, '222310077', 'RAKKI ATALLA SOFYAN ', '0000-00-00 00:00:00', '0000-00-00 00:00:00'),
(231, 18, '222310052', 'REVALINA NOVALA PUTERI ', '0000-00-00 00:00:00', '0000-00-00 00:00:00'),
(232, 18, '222310025', 'RIFKY ADITYA RAMADHAN', '0000-00-00 00:00:00', '0000-00-00 00:00:00'),
(233, 18, '222310081', 'TEGAR ZAIN ROBBANIYA', '0000-00-00 00:00:00', '0000-00-00 00:00:00'),
(234, 18, '222310082', 'VANIA NANDA SAFIRA', '0000-00-00 00:00:00', '0000-00-00 00:00:00'),
(235, 19, '222310028', 'ANISHA TRI AGUSTINA', '0000-00-00 00:00:00', '0000-00-00 00:00:00'),
(236, 19, '222310057', 'AZZUAN NEVAN SYAKIEB', '0000-00-00 00:00:00', '0000-00-00 00:00:00'),
(237, 19, '222310003', 'BAGUS BARKHAWA TANAWIY ', '0000-00-00 00:00:00', '0000-00-00 00:00:00'),
(238, 19, '222310030', 'BILLY HANSKELSEN', '0000-00-00 00:00:00', '0000-00-00 00:00:00'),
(239, 19, '222310004', 'CANTIKA FITRI HANIA NASUTION', '0000-00-00 00:00:00', '0000-00-00 00:00:00'),
(240, 19, '222310058', 'CLAREN CLAUDIA ANGELICHA SUTRISNO ', '0000-00-00 00:00:00', '0000-00-00 00:00:00'),
(241, 19, '222310059', 'DAFFA RIFQI NUGROHO', '0000-00-00 00:00:00', '0000-00-00 00:00:00'),
(242, 19, '222310061', 'FARHAN FERDIANSYAH', '0000-00-00 00:00:00', '0000-00-00 00:00:00'),
(243, 19, '222310034', 'FARHAN ILYAS ', '0000-00-00 00:00:00', '0000-00-00 00:00:00'),
(244, 19, '222310037', 'IBNU RAFIF SURYADINATA', '0000-00-00 00:00:00', '0000-00-00 00:00:00'),
(245, 19, '222310010', 'JDIO VANNY SUGANTA', '0000-00-00 00:00:00', '0000-00-00 00:00:00'),
(246, 19, '222310011', 'KARTIKA FIRDA OKTAVIA', '0000-00-00 00:00:00', '0000-00-00 00:00:00'),
(247, 19, '222310014', 'MUHAMMAD DZIKRI AGNIA', '0000-00-00 00:00:00', '0000-00-00 00:00:00'),
(248, 19, '222310016', 'MUHAMMAD RASYA', '0000-00-00 00:00:00', '0000-00-00 00:00:00'),
(249, 19, '222310043', 'MUHAMMAD SHIDDIQ ATHALLAH ', '0000-00-00 00:00:00', '0000-00-00 00:00:00'),
(250, 19, '222310045', 'NATASYA FITRIYANI', '0000-00-00 00:00:00', '0000-00-00 00:00:00'),
(251, 19, '222310018', 'NAUFAL AZIS', '0000-00-00 00:00:00', '0000-00-00 00:00:00'),
(252, 19, '222310073', 'NAYLA RAMADHANI ', '0000-00-00 00:00:00', '0000-00-00 00:00:00'),
(253, 19, '222310075', 'QONITAH HAFIDZOH ', '0000-00-00 00:00:00', '0000-00-00 00:00:00'),
(254, 19, '222310076', 'RAIHANISA RIZKIKA TSANI', '0000-00-00 00:00:00', '0000-00-00 00:00:00'),
(255, 19, '222310024', 'RAMA RAMADHAN WR', '0000-00-00 00:00:00', '0000-00-00 00:00:00'),
(256, 19, '222310051', 'RASHIF ARSYAH SETIADI', '0000-00-00 00:00:00', '0000-00-00 00:00:00'),
(257, 19, '222310079', 'REYKY MORALLES AL ZHARESKY', '0000-00-00 00:00:00', '0000-00-00 00:00:00'),
(258, 19, '222310026', 'RUTH MASAULINA MARPAUNG', '0000-00-00 00:00:00', '0000-00-00 00:00:00'),
(259, 19, '222310054', 'SABRINA NUR AZIZAH', '0000-00-00 00:00:00', '0000-00-00 00:00:00'),
(260, 19, '222310080', 'SYARAH RAMADHANI', '0000-00-00 00:00:00', '0000-00-00 00:00:00'),
(261, 19, '222310055', 'ZASKIA PUTRY KARIMA', '0000-00-00 00:00:00', '0000-00-00 00:00:00'),
(262, 19, '222310083', 'ZHAFIRA KHAYLA AUNI', '0000-00-00 00:00:00', '0000-00-00 00:00:00'),
(263, 20, '222310262', 'ABI FAUZA RAMADHAN ', '0000-00-00 00:00:00', '0000-00-00 00:00:00'),
(264, 20, '222310263', 'AHMAD HERMAWAN', '0000-00-00 00:00:00', '0000-00-00 00:00:00'),
(265, 20, '222310264', 'ASTIAN PUTRA', '0000-00-00 00:00:00', '0000-00-00 00:00:00'),
(266, 20, '222310265', 'CHIEVO RAY OCTAVIANO', '0000-00-00 00:00:00', '0000-00-00 00:00:00'),
(267, 20, '222310267', 'EVAN FILBERT', '0000-00-00 00:00:00', '0000-00-00 00:00:00'),
(268, 20, '222310266', 'EZRA PUTRA HENDRI', '0000-00-00 00:00:00', '0000-00-00 00:00:00'),
(269, 20, '222310268', 'FAISAL IMAM SAMUDRA', '0000-00-00 00:00:00', '0000-00-00 00:00:00'),
(270, 20, '222310269', 'FEBRIAN ATHA NUR ARIF', '0000-00-00 00:00:00', '0000-00-00 00:00:00'),
(271, 20, '222310270', 'GHEANEVA VE LOVE PRASVINA', '0000-00-00 00:00:00', '0000-00-00 00:00:00'),
(272, 20, '222310271', 'HAIKAL DANDA FIRDAUS', '0000-00-00 00:00:00', '0000-00-00 00:00:00'),
(273, 20, '222310272', 'HASAN WIRA BUANA', '0000-00-00 00:00:00', '0000-00-00 00:00:00'),
(274, 20, '222310273', 'IRFAN NASTA\'IN HUDA HARIYANTO', '0000-00-00 00:00:00', '0000-00-00 00:00:00'),
(275, 20, '222310274', 'JIBRAN NABIL ABDUL HAKIM', '0000-00-00 00:00:00', '0000-00-00 00:00:00'),
(276, 20, '222310275', 'MARCELL ADHY WINATA', '0000-00-00 00:00:00', '0000-00-00 00:00:00'),
(277, 20, '222310276', 'MARCO TIMOTY ', '0000-00-00 00:00:00', '0000-00-00 00:00:00'),
(278, 20, '222310277', 'MOHAMAD IBNU NURROYAN', '0000-00-00 00:00:00', '0000-00-00 00:00:00'),
(279, 20, '222310278', 'MUHAMMAD DWI RANGGA', '0000-00-00 00:00:00', '0000-00-00 00:00:00'),
(280, 20, '222310279', 'MUHAMMAD SHEFA DIAZ PUTRA', '0000-00-00 00:00:00', '0000-00-00 00:00:00'),
(281, 20, '222310280', 'MUHAMMAD THOHA', '0000-00-00 00:00:00', '0000-00-00 00:00:00'),
(282, 20, '222310281', 'MUHAMMAD ZAHRAAN PUTRA SANDITA', '0000-00-00 00:00:00', '0000-00-00 00:00:00'),
(283, 20, '222310282', 'NUR FAUZAN  ILHAM ', '0000-00-00 00:00:00', '0000-00-00 00:00:00'),
(284, 20, '222310283', 'NUR FAUZI ILHAM', '0000-00-00 00:00:00', '0000-00-00 00:00:00'),
(285, 20, '222310284', 'RADITYA EKA PUTRA', '0000-00-00 00:00:00', '0000-00-00 00:00:00'),
(286, 20, '222310286', 'RAMA KUSUMA PRADANA', '0000-00-00 00:00:00', '0000-00-00 00:00:00'),
(287, 20, '222310287', 'SULTAN MOYOZ PAHINGGUAN', '0000-00-00 00:00:00', '0000-00-00 00:00:00'),
(288, 20, '222310288', 'UMAR SANTOSO ', '0000-00-00 00:00:00', '0000-00-00 00:00:00'),
(289, 20, '222310289', 'ZYSYAR DAVA PEBRIAN', '0000-00-00 00:00:00', '0000-00-00 00:00:00'),
(290, 2, '212210025', 'ABDILLAH WALIYYU RIZKY FIRDAUS', '0000-00-00 00:00:00', '0000-00-00 00:00:00'),
(291, 2, '212210218', 'ADINDA PUTRI KHALISTA', '0000-00-00 00:00:00', '0000-00-00 00:00:00'),
(292, 2, '212210029', 'AMIRUDIN FARUQ ARIEF', '0000-00-00 00:00:00', '0000-00-00 00:00:00'),
(293, 2, '212210030', 'ARZETI NISFU SYABILLA', '0000-00-00 00:00:00', '0000-00-00 00:00:00'),
(294, 2, '212210006', 'BAYU SYAIBAN ASWA', '0000-00-00 00:00:00', '0000-00-00 00:00:00'),
(295, 2, '212210007', 'CAHYANING SESSA LESTARI', '0000-00-00 00:00:00', '0000-00-00 00:00:00'),
(296, 2, '212210008', 'DEA ANASTASIA PRIADI', '0000-00-00 00:00:00', '0000-00-00 00:00:00'),
(297, 2, '212210033', 'DEVON JOHANES YUVALINO', '0000-00-00 00:00:00', '0000-00-00 00:00:00'),
(298, 2, '212210009', 'DZAKY ABDUSSALAM', '0000-00-00 00:00:00', '0000-00-00 00:00:00'),
(299, 2, '212210012', 'HADYAN GUMELAR', '0000-00-00 00:00:00', '0000-00-00 00:00:00'),
(300, 2, '212210036', 'HAFIZH ARQAMILANDRI WAKHYUDI ', '0000-00-00 00:00:00', '0000-00-00 00:00:00'),
(301, 2, '212210014', 'IQBAL RIFKYANTO', '0000-00-00 00:00:00', '0000-00-00 00:00:00'),
(302, 2, '212210015', 'JULIOEZ CANDITA HAGAFIGO LATUPEIRISSA', '0000-00-00 00:00:00', '0000-00-00 00:00:00'),
(303, 2, '212210135', 'KENJI AHMAD DARELLY ', '0000-00-00 00:00:00', '0000-00-00 00:00:00'),
(304, 2, '212210039', 'KEVIN ARY HARDANA', '0000-00-00 00:00:00', '0000-00-00 00:00:00'),
(305, 2, '212210017', 'M. YUSUF MAULANA RIZKI', '0000-00-00 00:00:00', '0000-00-00 00:00:00'),
(306, 2, '212210041', 'MUHAMMAD SYAUQI RIJAL', '0000-00-00 00:00:00', '0000-00-00 00:00:00'),
(307, 2, '212210043', 'NADIVA JUNIKA SYAFA NASUTION', '0000-00-00 00:00:00', '0000-00-00 00:00:00'),
(308, 2, '212210020', 'NAUFAL GUSTI SAPUTRA', '0000-00-00 00:00:00', '0000-00-00 00:00:00'),
(309, 2, '212210045', 'SALSABILA VIOLA DESTU', '0000-00-00 00:00:00', '0000-00-00 00:00:00'),
(310, 2, '212210046', 'SEKAR AYU RAMADANI', '0000-00-00 00:00:00', '0000-00-00 00:00:00'),
(311, 2, '212210047', 'TIARA YUNIPTA ANGGRAINI', '0000-00-00 00:00:00', '0000-00-00 00:00:00'),
(312, 2, '212210023', 'VINCENTIUS OCTAVIAN FARREL ', '0000-00-00 00:00:00', '0000-00-00 00:00:00'),
(313, 2, '212210049', 'WILDAN FILZA AL FAIZ', '0000-00-00 00:00:00', '0000-00-00 00:00:00'),
(314, 2, '212210024', 'YUDAN AKBAR ARKIAN ', '0000-00-00 00:00:00', '0000-00-00 00:00:00'),
(315, 3, '212210026', 'ACHMAD FAUZAN NOER SYAWAL', '0000-00-00 00:00:00', '0000-00-00 00:00:00'),
(316, 3, '212210001', 'ADELLIA ZALFA AZZACHRA', '0000-00-00 00:00:00', '0000-00-00 00:00:00'),
(317, 3, '212210027', 'ADIKA AUNURFIKRI NOVIYANTO', '0000-00-00 00:00:00', '0000-00-00 00:00:00'),
(318, 3, '212210002', 'ADINDA NAILA NASYWA', '0000-00-00 00:00:00', '0000-00-00 00:00:00'),
(319, 3, '212210003', 'AHMAD NABIL SEPTIANSYAH', '0000-00-00 00:00:00', '0000-00-00 00:00:00'),
(320, 3, '212210004', 'AN NIDA RIZKY RAMADHANI', '0000-00-00 00:00:00', '0000-00-00 00:00:00'),
(321, 3, '212210005', 'ARYA FADHIL AKBAR', '0000-00-00 00:00:00', '0000-00-00 00:00:00'),
(322, 3, '212210031', 'BENEDIKTUS DWI ANDHIKA ', '0000-00-00 00:00:00', '0000-00-00 00:00:00'),
(323, 3, '212210032', 'CHIQUITA PUTRI NALINDI', '0000-00-00 00:00:00', '0000-00-00 00:00:00'),
(324, 3, '212210035', 'ENGGAR TRI RAHMADHANI', '0000-00-00 00:00:00', '0000-00-00 00:00:00'),
(325, 3, '212210010', 'FARIC ANDREVANO SIDHARTA', '0000-00-00 00:00:00', '0000-00-00 00:00:00'),
(326, 3, '212210011', 'FRAHELENCE ELIYESIA HARNANTO', '0000-00-00 00:00:00', '0000-00-00 00:00:00'),
(327, 3, '212210013', 'HAFIZUL HANIF ', '0000-00-00 00:00:00', '0000-00-00 00:00:00'),
(328, 3, '212210037', 'HANIF AIDIL RACHMAN', '0000-00-00 00:00:00', '0000-00-00 00:00:00'),
(329, 3, '212210038', 'IVAN RAMADHAN ', '0000-00-00 00:00:00', '0000-00-00 00:00:00'),
(330, 3, '212210016', 'KEVIN PRASETYO', '0000-00-00 00:00:00', '0000-00-00 00:00:00'),
(331, 3, '212210040', 'MUHAMMAD AZKA FAJRI MAHESWARA', '0000-00-00 00:00:00', '0000-00-00 00:00:00'),
(332, 3, '212210018', 'MUHAMMAD IQBAL HANGGORO', '0000-00-00 00:00:00', '0000-00-00 00:00:00'),
(333, 3, '212210042', 'MUHAMMAD ZAHRAN NUGROHO', '0000-00-00 00:00:00', '0000-00-00 00:00:00'),
(334, 3, '212210019', 'NABILA ROSA AMALIA', '0000-00-00 00:00:00', '0000-00-00 00:00:00'),
(335, 3, '212210021', 'PRIEKHA REVITA UTAMI', '0000-00-00 00:00:00', '0000-00-00 00:00:00'),
(336, 3, '212210022', 'RAISSA RAFA AYDIN', '0000-00-00 00:00:00', '0000-00-00 00:00:00'),
(337, 3, '212210044', 'SALSABILA MIFTAH NURAFIAH', '0000-00-00 00:00:00', '0000-00-00 00:00:00'),
(338, 3, '212210048', 'TITAN DWI PRAKOSO', '0000-00-00 00:00:00', '0000-00-00 00:00:00'),
(339, 4, '212210101', 'ADITYA DWI CAHYA', '0000-00-00 00:00:00', '0000-00-00 00:00:00'),
(340, 4, '212210051', 'AHVAZ HAIDAR GAZA W.', '0000-00-00 00:00:00', '0000-00-00 00:00:00'),
(341, 4, '212210077', 'ALI FATHUROHMAN', '0000-00-00 00:00:00', '0000-00-00 00:00:00'),
(342, 4, '212210076', 'ALPIANSYAH HARIANJA', '0000-00-00 00:00:00', '0000-00-00 00:00:00'),
(343, 4, '212210107', 'GEONG SURYA ADI PUTRA', '0000-00-00 00:00:00', '0000-00-00 00:00:00'),
(344, 4, '212210055', 'HAIDAR KHAIRY PUTRA SUDRAJAT', '0000-00-00 00:00:00', '0000-00-00 00:00:00'),
(345, 4, '212210219', 'HUSAINI RIJAL WIRAWAN', '0000-00-00 00:00:00', '0000-00-00 00:00:00'),
(346, 4, '212210082', 'IITOSHI AZKA AUZAN', '0000-00-00 00:00:00', '0000-00-00 00:00:00'),
(347, 4, '212210108', 'IMANUEL MELANDRI MANIK', '0000-00-00 00:00:00', '0000-00-00 00:00:00'),
(348, 4, '212210085', 'MARCEL RONY MARBUN', '0000-00-00 00:00:00', '0000-00-00 00:00:00'),
(349, 4, '212210115', 'MOCHAMMAD JIDDAN ARMANSYIAH', '0000-00-00 00:00:00', '0000-00-00 00:00:00'),
(350, 4, '212210086', 'MUHAFIDZ SIDDIQ RACHMAN', '0000-00-00 00:00:00', '0000-00-00 00:00:00'),
(351, 4, '212210113', 'MUHAMAD FADHIL ', '0000-00-00 00:00:00', '0000-00-00 00:00:00'),
(352, 4, '212210091', 'MUHAMAD NAJMI MICKY CASSILAS', '0000-00-00 00:00:00', '0000-00-00 00:00:00'),
(353, 4, '212210109', 'MUHAMMAD ARIF FADIL', '0000-00-00 00:00:00', '0000-00-00 00:00:00'),
(354, 4, '212210114', 'MUHAMMAD FUADI', '0000-00-00 00:00:00', '0000-00-00 00:00:00'),
(355, 4, '212210063', 'MUHAMMAD GAMEL AL GHIFARI', '0000-00-00 00:00:00', '0000-00-00 00:00:00'),
(356, 4, '212210090', 'MUHAMMAD IKRAM MAULANA', '0000-00-00 00:00:00', '0000-00-00 00:00:00'),
(357, 4, '212210065', 'MUHAMMAD RAMDAN', '0000-00-00 00:00:00', '0000-00-00 00:00:00'),
(358, 4, '212210095', 'NAUFAL FADHIL HILMI ', '0000-00-00 00:00:00', '0000-00-00 00:00:00'),
(359, 4, '212210119', 'RAFI FAUZI RAHMATULLAH ', '0000-00-00 00:00:00', '0000-00-00 00:00:00'),
(360, 4, '212210097', 'RAYNARD JONATHAN SIPAYUNG ', '0000-00-00 00:00:00', '0000-00-00 00:00:00'),
(361, 4, '212210071', 'REYHAN PERMANA', '0000-00-00 00:00:00', '0000-00-00 00:00:00'),
(362, 4, '212210123', 'RYAMIZARD SURYA PUTRA RAMADHAN ', '0000-00-00 00:00:00', '0000-00-00 00:00:00'),
(363, 4, '212210125', 'YUDHA PUTRA DARMA HAKIM ', '0000-00-00 00:00:00', '0000-00-00 00:00:00'),
(364, 5, '212210075', 'AHMAD ARDYAN SYAHPUTRA', '0000-00-00 00:00:00', '0000-00-00 00:00:00'),
(365, 5, '212210103', 'AMANDA REDHA AULIA ', '0000-00-00 00:00:00', '0000-00-00 00:00:00'),
(366, 5, '212210052', 'ARSA DANISH FADILLAH', '0000-00-00 00:00:00', '0000-00-00 00:00:00'),
(367, 5, '212210080', 'DAFFA ULHAQ PURNAMA LOVIND', '0000-00-00 00:00:00', '0000-00-00 00:00:00'),
(368, 5, '212210081', 'DIMAS ARYA SAPUTRA', '0000-00-00 00:00:00', '0000-00-00 00:00:00'),
(370, 5, '212210056', 'HUMAIDI ILYAS', '0000-00-00 00:00:00', '0000-00-00 00:00:00'),
(371, 5, '212210060', 'MAHENDRA SAPUTRA', '0000-00-00 00:00:00', '0000-00-00 00:00:00'),
(372, 5, '212210087', 'MUHAMMAD AL FARIDZI', '0000-00-00 00:00:00', '0000-00-00 00:00:00'),
(373, 5, '212210089', 'MUHAMMAD FAHRI DZIKRULLAH', '0000-00-00 00:00:00', '0000-00-00 00:00:00'),
(374, 5, '212210110', 'MUHAMMAD FALAH AL-GINAT', '0000-00-00 00:00:00', '0000-00-00 00:00:00'),
(375, 5, '212210059', 'MUHAMMAD HASBIH PUTRA FIRMANSYAH ', '0000-00-00 00:00:00', '0000-00-00 00:00:00'),
(376, 5, '212210084', 'MUHAMMAD IHSAN BANUAJI', '0000-00-00 00:00:00', '0000-00-00 00:00:00'),
(377, 5, '212210093', 'MUHAMMAD REZA DASTAGHIB', '0000-00-00 00:00:00', '0000-00-00 00:00:00'),
(378, 5, '212210066', 'MUHAMMAD ZIDAN NURACHMAN', '0000-00-00 00:00:00', '0000-00-00 00:00:00'),
(379, 5, '212210094', 'MULIA AKBAR NANDA PRATAMA', '0000-00-00 00:00:00', '0000-00-00 00:00:00'),
(380, 5, '212210118', 'MUZAKI TAUFIQURRAHMAN ', '0000-00-00 00:00:00', '0000-00-00 00:00:00'),
(381, 5, '212210096', 'RAIHAN ARFIN SALIM', '0000-00-00 00:00:00', '0000-00-00 00:00:00'),
(382, 5, '212210120', 'RAMANDA OKTAVIANO AHMAD DEANOVA', '0000-00-00 00:00:00', '0000-00-00 00:00:00'),
(383, 5, '212210069', 'RANDI ADITYA PRATAMA', '0000-00-00 00:00:00', '0000-00-00 00:00:00'),
(384, 5, '212210070', 'RASYA DIANDRA PUTRA', '0000-00-00 00:00:00', '0000-00-00 00:00:00'),
(385, 5, '212210073', 'SAHAL DAFA MAULANA', '0000-00-00 00:00:00', '0000-00-00 00:00:00'),
(386, 5, '212210124', 'SALSA BELLA SEFTIRA', '0000-00-00 00:00:00', '0000-00-00 00:00:00'),
(387, 5, '212210074', 'YUSUF SANJAYA', '0000-00-00 00:00:00', '0000-00-00 00:00:00'),
(388, 6, '212210050', 'AFDANDY NAUFAL ZAKI AKBAR ', '0000-00-00 00:00:00', '0000-00-00 00:00:00'),
(389, 6, '212210102', 'AHMAD NOOR ROHMAN', '0000-00-00 00:00:00', '0000-00-00 00:00:00'),
(390, 6, '212210078', 'ARZAQI FATIH MUTTAQIN', '0000-00-00 00:00:00', '0000-00-00 00:00:00'),
(391, 6, '212210104', 'BAGAS ANDRIANO WIBOWO', '0000-00-00 00:00:00', '0000-00-00 00:00:00'),
(392, 6, '212210054', 'DAMANIK, YOHANES GEOVAN ONDOVA', '0000-00-00 00:00:00', '0000-00-00 00:00:00'),
(393, 6, '212210105', 'DAVID FATHI YAKAN', '0000-00-00 00:00:00', '0000-00-00 00:00:00'),
(394, 6, '212210111', 'MAHDI MUHAMAD', '0000-00-00 00:00:00', '0000-00-00 00:00:00'),
(395, 6, '212210112', 'MARKUS STIVENLINO BRIA', '0000-00-00 00:00:00', '0000-00-00 00:00:00'),
(396, 6, '212210083', 'MOEHAMMAD FAISHAL NABIL', '0000-00-00 00:00:00', '0000-00-00 00:00:00'),
(397, 6, '212210061', 'MOEHAMMAD RIZKY', '0000-00-00 00:00:00', '0000-00-00 00:00:00'),
(398, 6, '212210062', 'MUHAMAD TSABIT ', '0000-00-00 00:00:00', '0000-00-00 00:00:00'),
(399, 6, '212210057', 'MUHAMMAD ABI BINTANG FIRDAUS', '0000-00-00 00:00:00', '0000-00-00 00:00:00'),
(401, 6, '212210088', 'MUHAMMAD EGA NURISMA ', '0000-00-00 00:00:00', '0000-00-00 00:00:00'),
(402, 6, '212210064', 'MUHAMMAD NABIL DWI ANDIKA', '0000-00-00 00:00:00', '0000-00-00 00:00:00'),
(403, 6, '212210092', 'MUHAMMAD NUR FAUZAN', '0000-00-00 00:00:00', '0000-00-00 00:00:00'),
(404, 6, '212210116', 'MUHAMMAD RAFLY ARIFIN ', '0000-00-00 00:00:00', '0000-00-00 00:00:00'),
(405, 6, '212210117', 'MUHAMMAD REZA MAULANA', '0000-00-00 00:00:00', '0000-00-00 00:00:00'),
(406, 6, '212210068', 'PATERNUS VARIO JUSTIN', '0000-00-00 00:00:00', '0000-00-00 00:00:00'),
(407, 6, '212210121', 'RENO SYAPUTRA', '0000-00-00 00:00:00', '0000-00-00 00:00:00'),
(408, 6, '212210098', 'RIAN RAHMANSYAH', '0000-00-00 00:00:00', '0000-00-00 00:00:00'),
(409, 6, '212210122', 'RICARDUS ANGGELUS RISOTA', '0000-00-00 00:00:00', '0000-00-00 00:00:00'),
(410, 6, '212210072', 'RIFKI ELDA FATKUROHMAN', '0000-00-00 00:00:00', '0000-00-00 00:00:00'),
(411, 6, '212210099', 'RIZKY DHARMAWAN', '0000-00-00 00:00:00', '0000-00-00 00:00:00'),
(412, 6, '212210100', 'YAHYA AJI DIHASTAMA', '0000-00-00 00:00:00', '0000-00-00 00:00:00'),
(413, 7, '212210127', 'ALIF ISKANDAR RABBANI', '0000-00-00 00:00:00', '0000-00-00 00:00:00'),
(414, 7, '212210153', 'AULIA KINANTI ZAHRANI', '0000-00-00 00:00:00', '0000-00-00 00:00:00'),
(415, 7, '212210178', 'CHANDRA MUHAMMAD FAIZ', '0000-00-00 00:00:00', '0000-00-00 00:00:00'),
(416, 7, '212210131', 'FITRI ZAHRA WARDANI', '0000-00-00 00:00:00', '0000-00-00 00:00:00'),
(417, 7, '212210132', 'FLORA ALMA ARIFANIA', '0000-00-00 00:00:00', '0000-00-00 00:00:00'),
(418, 7, '212210182', 'HABIBAH', '0000-00-00 00:00:00', '0000-00-00 00:00:00'),
(419, 7, '212210158', 'IDA AYU NYOMAN SEKAR AULIYA', '0000-00-00 00:00:00', '0000-00-00 00:00:00'),
(420, 7, '212210183', 'ILHAM NAJIB', '0000-00-00 00:00:00', '0000-00-00 00:00:00'),
(421, 7, '212210160', 'JOZU ABYAN NAUFAL AMRU', '0000-00-00 00:00:00', '0000-00-00 00:00:00'),
(422, 7, '212210134', 'KARINA AULIA PUTRI', '0000-00-00 00:00:00', '0000-00-00 00:00:00'),
(423, 7, '222311220', 'LACONY RANDY SATRIA', '0000-00-00 00:00:00', '0000-00-00 00:00:00'),
(424, 7, '212210185', 'LIDIYA SYARAH NURSABRINA ', '0000-00-00 00:00:00', '0000-00-00 00:00:00'),
(425, 7, '212210186', 'MUHAMMAD FARIS AQILA', '0000-00-00 00:00:00', '0000-00-00 00:00:00'),
(426, 7, '212210164', 'MUHAMMAD HAFIZH MAHARDIKA', '0000-00-00 00:00:00', '0000-00-00 00:00:00'),
(427, 7, '212210165', 'MUHAMMAD YUGO HESSEL FADHILAH', '0000-00-00 00:00:00', '0000-00-00 00:00:00'),
(428, 7, '212210168', 'NOVANDIAN ARANE', '0000-00-00 00:00:00', '0000-00-00 00:00:00'),
(429, 7, '212210192', 'NOVIA AYU LESTARI', '0000-00-00 00:00:00', '0000-00-00 00:00:00'),
(430, 7, '212210169', 'RAFAHT HABILLAH ALGIN ', '0000-00-00 00:00:00', '0000-00-00 00:00:00'),
(431, 7, '212210170', 'RAFIF AKBAR FERDIANSYAH', '0000-00-00 00:00:00', '0000-00-00 00:00:00'),
(432, 7, '212210145', 'RAYHAN ALFAUZAN', '0000-00-00 00:00:00', '0000-00-00 00:00:00'),
(433, 7, '212210146', 'RIDHO KRISNA PRATAMA', '0000-00-00 00:00:00', '0000-00-00 00:00:00'),
(434, 7, '212210148', 'WIDHY JA\'FAR RAMADHAN', '0000-00-00 00:00:00', '0000-00-00 00:00:00'),
(435, 7, '212210197', 'YOGA SATRIA ADITYA PRATAMA', '0000-00-00 00:00:00', '0000-00-00 00:00:00'),
(436, 7, '212210149', 'ZAKI NAJIB SAPUTRA', '0000-00-00 00:00:00', '0000-00-00 00:00:00'),
(437, 8, '212210175', 'AFAN AULIA IRWANTO', '0000-00-00 00:00:00', '0000-00-00 00:00:00'),
(438, 8, '212210152', 'ALIF FARELA DAMAR SUN', '0000-00-00 00:00:00', '0000-00-00 00:00:00'),
(439, 8, '212210179', 'CHELSY AUDYA MAURYN', '0000-00-00 00:00:00', '0000-00-00 00:00:00'),
(440, 8, '212210154', 'DAFAA DICKA TAMTAMA', '0000-00-00 00:00:00', '0000-00-00 00:00:00'),
(441, 8, '212210034', 'DEWI RAHMAWATI', '0000-00-00 00:00:00', '0000-00-00 00:00:00'),
(442, 8, '212210129', 'FADLI RAHADIAN', '0000-00-00 00:00:00', '0000-00-00 00:00:00'),
(443, 8, '212210130', 'FATHIR RAIHAN PRADITA', '0000-00-00 00:00:00', '0000-00-00 00:00:00'),
(444, 8, '212210181', 'GEONADA AFRILIAN EIGALILUN ', '0000-00-00 00:00:00', '0000-00-00 00:00:00'),
(445, 8, '212210184', 'KHAERUL IHSAN', '0000-00-00 00:00:00', '0000-00-00 00:00:00'),
(446, 8, '212210161', 'LUCKY FAUZAN AZIS ISMAYA', '0000-00-00 00:00:00', '0000-00-00 00:00:00'),
(447, 8, '212210187', 'MEIZY NURUL HUDA', '0000-00-00 00:00:00', '0000-00-00 00:00:00'),
(448, 8, '212210139', 'MUHAMMAD IKHRAM HERDIANSYAH', '0000-00-00 00:00:00', '0000-00-00 00:00:00'),
(449, 8, '212210162', 'MUHAMMAD NABIL KHOSYI RAMADHAN', '0000-00-00 00:00:00', '0000-00-00 00:00:00'),
(450, 8, '212210166', 'NADIA ZIAURRAHMAN', '0000-00-00 00:00:00', '0000-00-00 00:00:00'),
(451, 8, '212210141', 'NASYWA VANIA', '0000-00-00 00:00:00', '0000-00-00 00:00:00'),
(452, 8, '212210190', 'NAUFAL NAQAJIWA MULIAN ', '0000-00-00 00:00:00', '0000-00-00 00:00:00'),
(453, 8, '212210167', 'NEJLA MARSELA', '0000-00-00 00:00:00', '0000-00-00 00:00:00'),
(454, 8, '212210144', 'RAFI\' PRAMANA NOVANY', '0000-00-00 00:00:00', '0000-00-00 00:00:00'),
(455, 8, '212210171', 'REVA SALSABILA', '0000-00-00 00:00:00', '0000-00-00 00:00:00'),
(456, 8, '212210195', 'REYZA FAHREZI AZHALI', '0000-00-00 00:00:00', '0000-00-00 00:00:00'),
(457, 8, '212210172', 'RIAWAN SALMAN ALDIGAN', '0000-00-00 00:00:00', '0000-00-00 00:00:00'),
(458, 8, '212210173', 'ROHMANSYA PUTRA AKHMAL', '0000-00-00 00:00:00', '0000-00-00 00:00:00'),
(459, 8, '212210147', 'SHERLY AMALIA LESTARI', '0000-00-00 00:00:00', '0000-00-00 00:00:00'),
(460, 8, '212210150', 'ZHIDAN IQBAL RAMADHAN IFMI', '0000-00-00 00:00:00', '0000-00-00 00:00:00'),
(461, 9, '212210151', 'AFTAH RAHYANG SATRIANANDA S.', '0000-00-00 00:00:00', '0000-00-00 00:00:00'),
(462, 9, '212210126', 'AHMAD RAFLY', '0000-00-00 00:00:00', '0000-00-00 00:00:00'),
(463, 9, '212210176', 'AL FITO AN NAHL WAHID', '0000-00-00 00:00:00', '0000-00-00 00:00:00'),
(464, 9, '212210177', 'ANISANDRIA ALYA PUTRI', '0000-00-00 00:00:00', '0000-00-00 00:00:00'),
(465, 9, '212210128', 'CARISSA DAHAYU ATHAYA', '0000-00-00 00:00:00', '0000-00-00 00:00:00'),
(466, 9, '212210180', 'FAIRUZ MOHAMMAD YAFI', '0000-00-00 00:00:00', '0000-00-00 00:00:00'),
(467, 9, '212210155', 'FATHIHATTUL IHSAN', '0000-00-00 00:00:00', '0000-00-00 00:00:00'),
(468, 9, '212210156', 'FILDZA JASMINE', '0000-00-00 00:00:00', '0000-00-00 00:00:00'),
(469, 9, '212210157', 'GIFAR MUHAMAD ', '0000-00-00 00:00:00', '0000-00-00 00:00:00'),
(470, 9, '212210133', 'HAIKAL PRIYO PAMBUDI ', '0000-00-00 00:00:00', '0000-00-00 00:00:00'),
(471, 9, '212210159', 'IFADAH SAFFANAH AUREL ', '0000-00-00 00:00:00', '0000-00-00 00:00:00'),
(472, 9, '212210136', 'LUKMAN NUR HAKIM', '0000-00-00 00:00:00', '0000-00-00 00:00:00'),
(473, 9, '212210137', 'MAHARDIKA WIGAN GARDAMAS ', '0000-00-00 00:00:00', '0000-00-00 00:00:00'),
(474, 9, '212210163', 'MOH. RAFLI ALIF AGHNA', '0000-00-00 00:00:00', '0000-00-00 00:00:00'),
(475, 9, '212210138', 'MUHADZDZIB HIBATULLAH ', '0000-00-00 00:00:00', '0000-00-00 00:00:00'),
(476, 9, '212210188', 'MUHAMMAD GEOVANNY DWI SEPTIAN ', '0000-00-00 00:00:00', '0000-00-00 00:00:00'),
(477, 9, '212210189', 'MUHAMMAD RAFI AL-FAUZAN ', '0000-00-00 00:00:00', '0000-00-00 00:00:00'),
(478, 9, '212210140', 'NASHIR KHOIRUL HUDA', '0000-00-00 00:00:00', '0000-00-00 00:00:00'),
(479, 9, '212210191', 'NAZWA EVRIEL PUTRINIANDI', '0000-00-00 00:00:00', '0000-00-00 00:00:00'),
(480, 9, '212210142', 'NIMAS ROSMADALIFAH', '0000-00-00 00:00:00', '0000-00-00 00:00:00'),
(481, 9, '212210193', 'PRIA BINTANG PRATAMA', '0000-00-00 00:00:00', '0000-00-00 00:00:00'),
(482, 9, '212210194', 'RAFID AFFAN DANAR', '0000-00-00 00:00:00', '0000-00-00 00:00:00'),
(483, 9, '212210196', 'RIFKY EKA PRATAMA', '0000-00-00 00:00:00', '0000-00-00 00:00:00'),
(484, 9, '212210198', 'YULIANA UMAMAH ', '0000-00-00 00:00:00', '0000-00-00 00:00:00'),
(485, 9, '212210174', 'ZAHID ZIANUR RAHMAN ', '0000-00-00 00:00:00', '0000-00-00 00:00:00'),
(486, 10, '212210199', 'ABRAM LAHAI-ROI  NAUFAL NAINGGOLAN', '0000-00-00 00:00:00', '0000-00-00 00:00:00'),
(487, 10, '212210200', 'DANIEL SIMBOLON', '0000-00-00 00:00:00', '0000-00-00 00:00:00'),
(488, 10, '212210201', 'IKHSAN APRIANSYAH', '0000-00-00 00:00:00', '0000-00-00 00:00:00'),
(489, 10, '212210202', 'IKHSAN FATONI', '0000-00-00 00:00:00', '0000-00-00 00:00:00'),
(490, 10, '212210203', 'KHOIRUL IMAN ARIFIN', '0000-00-00 00:00:00', '0000-00-00 00:00:00'),
(491, 10, '212210205', 'M. FATHIR ARYA PRATAMA', '0000-00-00 00:00:00', '0000-00-00 00:00:00'),
(492, 10, '212210204', 'M. RIZKI INDRIANTO RAMADHAN ', '0000-00-00 00:00:00', '0000-00-00 00:00:00'),
(493, 10, '212210206', 'MUHAMAD FAJAR RAMADHAN', '0000-00-00 00:00:00', '0000-00-00 00:00:00'),
(494, 10, '212210208', 'MUHAMAD SYAHDAN MAULANA', '0000-00-00 00:00:00', '0000-00-00 00:00:00'),
(495, 10, '212210207', 'MUHAMMAD DAFFA ', '0000-00-00 00:00:00', '0000-00-00 00:00:00'),
(496, 10, '212210209', 'MUHAMMAD ZIDANE SUDIRMAN', '0000-00-00 00:00:00', '0000-00-00 00:00:00'),
(497, 10, '212210210', 'NAUFAL BINTANG PASOPATI', '0000-00-00 00:00:00', '0000-00-00 00:00:00'),
(498, 10, '212210211', 'RAFLY MAISYA EFFENDI', '0000-00-00 00:00:00', '0000-00-00 00:00:00'),
(499, 10, '212210212', 'RHAZES DWI SHANDIKA', '0000-00-00 00:00:00', '0000-00-00 00:00:00'),
(500, 10, '212210213', 'RIDHO IZDIHAR', '0000-00-00 00:00:00', '0000-00-00 00:00:00'),
(501, 10, '212210214', 'SANGJAO TINODUNGAN HARAHAP ', '0000-00-00 00:00:00', '0000-00-00 00:00:00'),
(502, 10, '212210215', 'SEPTHIALDI RIYANTO', '0000-00-00 00:00:00', '0000-00-00 00:00:00'),
(503, 10, '212210216', 'SULTHAN FAWWAZ HARIRI', '0000-00-00 00:00:00', '0000-00-00 00:00:00'),
(504, 10, '212210217', 'SYAHRIL SABIRIN SUBAGYA', '0000-00-00 00:00:00', '0000-00-00 00:00:00'),
(505, 21, '232410001', 'ACHMAD BILZAN AL QAHTANI', '0000-00-00 00:00:00', '0000-00-00 00:00:00'),
(506, 21, '232410002', 'AGHA DUSTIN RAIHANSYAH', '0000-00-00 00:00:00', '0000-00-00 00:00:00'),
(507, 21, '232410287', 'ANGGA PRASETYA', '0000-00-00 00:00:00', '0000-00-00 00:00:00'),
(508, 21, '232410003', 'BAGAS BILAL SETIAWAN', '0000-00-00 00:00:00', '0000-00-00 00:00:00'),
(509, 21, '232410004', 'DAMAR ALIF RAMADHAN', '0000-00-00 00:00:00', '0000-00-00 00:00:00'),
(510, 21, '232410005', 'DILLAN IKHRAM NURFAJRI', '0000-00-00 00:00:00', '0000-00-00 00:00:00'),
(511, 21, '232410006', 'DINA SHAFA LAURA', '0000-00-00 00:00:00', '0000-00-00 00:00:00'),
(512, 21, '232410007', 'DIRTANDRA PUTRA TAUFIQ AL RAFFI', '0000-00-00 00:00:00', '0000-00-00 00:00:00'),
(513, 21, '232410008', 'ERVAN IHSAN K', '0000-00-00 00:00:00', '0000-00-00 00:00:00'),
(514, 21, '232410126', 'FAIZ AFDIAN PRATAMA', '0000-00-00 00:00:00', '0000-00-00 00:00:00'),
(515, 21, '232410009', 'FERNANDA DARMAWAN', '0000-00-00 00:00:00', '0000-00-00 00:00:00'),
(516, 21, '232410010', 'HAFIZH HADIAWAN ', '0000-00-00 00:00:00', '0000-00-00 00:00:00'),
(517, 21, '232410011', 'IQBAL FAUZAN PERMANA', '0000-00-00 00:00:00', '0000-00-00 00:00:00'),
(518, 21, '232410012', 'KADAVI RADITYA ALVINO', '0000-00-00 00:00:00', '0000-00-00 00:00:00'),
(519, 21, '232410013', 'KAUTSAR KHAIRI PAMUNGKAS', '0000-00-00 00:00:00', '0000-00-00 00:00:00'),
(520, 21, '232410014', 'MARIANUS GIVEN TALENTA', '0000-00-00 00:00:00', '0000-00-00 00:00:00'),
(521, 21, '232410015', 'MUHAMAD ALEE ALGHIFARI', '0000-00-00 00:00:00', '0000-00-00 00:00:00'),
(522, 21, '232410016', 'MUHAMMAD ADRISELA ', '0000-00-00 00:00:00', '0000-00-00 00:00:00'),
(523, 21, '232410017', 'MUHAMMAD ALBANI DAVIANNANDA', '0000-00-00 00:00:00', '0000-00-00 00:00:00'),
(524, 21, '232410018', 'MUHAMMAD FAIZ ABDULLAH', '0000-00-00 00:00:00', '0000-00-00 00:00:00'),
(525, 21, '232410019', 'MUHAMMAD RAHMANDA FAHRIEL HERMANTO', '0000-00-00 00:00:00', '0000-00-00 00:00:00'),
(526, 21, '232410020', 'NAFIS SHAFA FIRJATULLOH ', '0000-00-00 00:00:00', '0000-00-00 00:00:00'),
(527, 21, '232410021', 'NICO DYAN DWIPUTRA', '0000-00-00 00:00:00', '0000-00-00 00:00:00'),
(528, 21, '232410022', 'RACHELL HANNABEL AURORA', '0000-00-00 00:00:00', '0000-00-00 00:00:00'),
(529, 21, '232410023', 'RAFFI ADITYA UTAMA', '0000-00-00 00:00:00', '0000-00-00 00:00:00'),
(530, 21, '232410024', 'RAFID ABHINAYA IRIANTO PUTRA', '0000-00-00 00:00:00', '0000-00-00 00:00:00'),
(531, 21, '232410025', 'RAIHAN KUSUMA PUTRA', '0000-00-00 00:00:00', '0000-00-00 00:00:00'),
(532, 21, '232410026', 'REKISHII LUCY', '0000-00-00 00:00:00', '0000-00-00 00:00:00'),
(533, 21, '232410027', 'REYNANDHITA RACHMAFYANDIE', '0000-00-00 00:00:00', '0000-00-00 00:00:00'),
(534, 21, '232410028', 'SALMAN ALFARISI', '0000-00-00 00:00:00', '0000-00-00 00:00:00'),
(535, 22, '232410029', 'ACHMAD GILANG SAMUDRA ', '0000-00-00 00:00:00', '0000-00-00 00:00:00'),
(536, 22, '232410030', 'AHMAD REVANSYAH', '0000-00-00 00:00:00', '0000-00-00 00:00:00'),
(537, 22, '232410031', 'ALEA ASSA ADDAH', '0000-00-00 00:00:00', '0000-00-00 00:00:00'),
(538, 22, '232410032', 'ALTAVIANO ANAAFI CHANDRA', '0000-00-00 00:00:00', '0000-00-00 00:00:00'),
(539, 22, '232410033', 'DIMAS HARDIANTO', '0000-00-00 00:00:00', '0000-00-00 00:00:00'),
(540, 22, '232410034', 'DINA OLIVIA', '0000-00-00 00:00:00', '0000-00-00 00:00:00'),
(541, 22, '232410035', 'ERINA ZALIKA AGUSTIN', '0000-00-00 00:00:00', '0000-00-00 00:00:00'),
(542, 22, '232410036', 'EZAR FEBIYANANTO', '0000-00-00 00:00:00', '0000-00-00 00:00:00'),
(543, 22, '232410037', 'FAIRUZ ZIYAAD PURNOMO', '0000-00-00 00:00:00', '0000-00-00 00:00:00'),
(544, 22, '232410038', 'HARITS ABDULLAH KAMIL', '0000-00-00 00:00:00', '0000-00-00 00:00:00');
INSERT INTO `siswa` (`id`, `id_kelas`, `nis`, `nama`, `created_at`, `updated_at`) VALUES
(545, 22, '232410039', 'HENDRIKUS JHONATAN KURNIANTO ', '0000-00-00 00:00:00', '0000-00-00 00:00:00'),
(546, 22, '232410040', 'IBNU FAHMI RAHMAN', '0000-00-00 00:00:00', '0000-00-00 00:00:00'),
(547, 22, '232410041', 'KINDI ADHAM RAMADHAN ', '0000-00-00 00:00:00', '0000-00-00 00:00:00'),
(548, 22, '232410042', 'LINGGA ARKAAN KAMAL', '0000-00-00 00:00:00', '0000-00-00 00:00:00'),
(549, 22, '232410043', 'M ASYRAF RABBANI AL ISLAMIY', '0000-00-00 00:00:00', '0000-00-00 00:00:00'),
(550, 22, '232410044', 'M DZAKI FIKRIYYA', '0000-00-00 00:00:00', '0000-00-00 00:00:00'),
(551, 22, '232410045', 'M FARIZ HANIF G', '0000-00-00 00:00:00', '0000-00-00 00:00:00'),
(552, 22, '232410046', 'M RUFFI  ARVIAN R I', '0000-00-00 00:00:00', '0000-00-00 00:00:00'),
(553, 22, '232410289', 'MOCHAMMAD FATHIN ADLI HIDAYAT', '0000-00-00 00:00:00', '0000-00-00 00:00:00'),
(554, 22, '232410047', 'MUHAMMAD TAQIYYUDIN', '0000-00-00 00:00:00', '0000-00-00 00:00:00'),
(555, 22, '232410048', 'NABIL EFRIANSYAH ', '0000-00-00 00:00:00', '0000-00-00 00:00:00'),
(556, 22, '232410049', 'RAFFY ACHMAD PRADITA', '0000-00-00 00:00:00', '0000-00-00 00:00:00'),
(557, 22, '232410050', 'RAFI AHMAD SALAM', '0000-00-00 00:00:00', '0000-00-00 00:00:00'),
(558, 22, '232410051', 'RAFIF DHIYA ULHAQ', '0000-00-00 00:00:00', '0000-00-00 00:00:00'),
(559, 22, '232410052', 'RAIHAN RAFFI RABBANI', '0000-00-00 00:00:00', '0000-00-00 00:00:00'),
(560, 22, '232410053', 'RIFQHI HARJUNO RB', '0000-00-00 00:00:00', '0000-00-00 00:00:00'),
(561, 22, '232410054', 'RIZKI FADILLAH', '0000-00-00 00:00:00', '0000-00-00 00:00:00'),
(562, 22, '232410055', 'SANDIEDAMA ZAKY MUBAROK', '0000-00-00 00:00:00', '0000-00-00 00:00:00'),
(563, 22, '232410056', 'TEGAR ARYAWIRATAMA', '0000-00-00 00:00:00', '0000-00-00 00:00:00'),
(564, 22, '232410057', 'TRI BAGAS ATHARIZ RASYID', '0000-00-00 00:00:00', '0000-00-00 00:00:00'),
(565, 23, '232410058', 'ANDRA  MOCHAMMAD HAIKAL', '0000-00-00 00:00:00', '0000-00-00 00:00:00'),
(566, 23, '232410059', 'ANNISA MAULIDIA NUGRAHA', '0000-00-00 00:00:00', '0000-00-00 00:00:00'),
(567, 23, '232410060', 'ARSSEN INDRABUDI', '0000-00-00 00:00:00', '0000-00-00 00:00:00'),
(568, 23, '232410061', 'ATAYA NAFIS RIZQULAH', '0000-00-00 00:00:00', '0000-00-00 00:00:00'),
(569, 23, '232410062', 'BAGAS HAIDAR', '0000-00-00 00:00:00', '0000-00-00 00:00:00'),
(570, 23, '232410063', 'FERGIE FERDIANSYAH', '0000-00-00 00:00:00', '0000-00-00 00:00:00'),
(571, 23, '232410064', 'HARITS AL AHZA', '0000-00-00 00:00:00', '0000-00-00 00:00:00'),
(572, 23, '232410065', 'IFFAT FAKHIR', '0000-00-00 00:00:00', '0000-00-00 00:00:00'),
(573, 23, '232410066', 'IKHBAR DARA WIGUNA', '0000-00-00 00:00:00', '0000-00-00 00:00:00'),
(574, 23, '232410067', 'JIHAN FASYA ALIFIA', '0000-00-00 00:00:00', '0000-00-00 00:00:00'),
(575, 23, '232410068', 'KALINGGA PRABASWARA NUGROHO', '0000-00-00 00:00:00', '0000-00-00 00:00:00'),
(576, 23, '232410069', 'MAULANA MALIK IBRAHIM', '0000-00-00 00:00:00', '0000-00-00 00:00:00'),
(577, 23, '232410070', 'MICHAEL OSYALDO SIMARMATA', '0000-00-00 00:00:00', '0000-00-00 00:00:00'),
(578, 23, '232410071', 'MOCHAMMAD RASYA KEYZANO', '0000-00-00 00:00:00', '0000-00-00 00:00:00'),
(579, 23, '232410072', 'MUHAMMAD ATTAR PURNAMA', '0000-00-00 00:00:00', '0000-00-00 00:00:00'),
(580, 23, '232410073', 'MUHAMMAD DHAFA ALVARO', '0000-00-00 00:00:00', '0000-00-00 00:00:00'),
(581, 23, '232410074', 'MUHAMMAD FAIZ AL HILAL ', '0000-00-00 00:00:00', '0000-00-00 00:00:00'),
(582, 23, '232410075', 'MUHAMMAD RASYID WIJAYA ', '0000-00-00 00:00:00', '0000-00-00 00:00:00'),
(583, 23, '232410076', 'MUHAMMAD RAYHAN RIYANTO', '0000-00-00 00:00:00', '0000-00-00 00:00:00'),
(584, 23, '232410077', 'NADIA RHAISYA ANJANI', '0000-00-00 00:00:00', '0000-00-00 00:00:00'),
(585, 23, '232410078', 'NAUFAL ABIYU', '0000-00-00 00:00:00', '0000-00-00 00:00:00'),
(586, 23, '232410079', 'RACHEL MIRZA', '0000-00-00 00:00:00', '0000-00-00 00:00:00'),
(587, 23, '232410080', 'RAFLI ADI WIJAYA', '0000-00-00 00:00:00', '0000-00-00 00:00:00'),
(588, 23, '232410081', 'RAZKA FIRASYA MIFZAL', '0000-00-00 00:00:00', '0000-00-00 00:00:00'),
(589, 23, '232410082', 'REINHARD NATALIO H ASITUMORANG ', '0000-00-00 00:00:00', '0000-00-00 00:00:00'),
(590, 23, '232410083', 'RIFQI IBRAHIM', '0000-00-00 00:00:00', '0000-00-00 00:00:00'),
(591, 23, '232410084', 'RIZKY YUDA PRATAMA', '0000-00-00 00:00:00', '0000-00-00 00:00:00'),
(592, 23, '232410085', 'SYAMIL KAUKAZI', '0000-00-00 00:00:00', '0000-00-00 00:00:00'),
(593, 23, '232410086', 'YUDA SATRIA WICAKSONO', '0000-00-00 00:00:00', '0000-00-00 00:00:00'),
(594, 24, '232410087', 'ALI RADITYA AL HAQ', '0000-00-00 00:00:00', '0000-00-00 00:00:00'),
(595, 24, '232410088', 'DIKA JATI PURWAWINOTO', '0000-00-00 00:00:00', '0000-00-00 00:00:00'),
(596, 24, '232410089', 'DIMAS NURDIANSYAH', '0000-00-00 00:00:00', '0000-00-00 00:00:00'),
(597, 24, '232410090', 'EGY GUNAWAN ', '0000-00-00 00:00:00', '0000-00-00 00:00:00'),
(598, 24, '232410091', 'EVAGGELION FERDINAN SITUMORANG', '0000-00-00 00:00:00', '0000-00-00 00:00:00'),
(599, 24, '232410092', 'FAKHRI MUZAKKI', '0000-00-00 00:00:00', '0000-00-00 00:00:00'),
(600, 24, '232410093', 'FIKHO ARLI PRATAMA', '0000-00-00 00:00:00', '0000-00-00 00:00:00'),
(601, 24, '232410094', 'GLENN TIMOTHY PRASADI', '0000-00-00 00:00:00', '0000-00-00 00:00:00'),
(602, 24, '232410095', 'KAYSAR AQILA TURIDI', '0000-00-00 00:00:00', '0000-00-00 00:00:00'),
(603, 24, '232410096', 'M.FACHRI HIDAYAT', '0000-00-00 00:00:00', '0000-00-00 00:00:00'),
(604, 24, '232410097', 'MAFFRA BANGKIT WIJAYA', '0000-00-00 00:00:00', '0000-00-00 00:00:00'),
(605, 24, '232410098', 'MUHAMMAD ENRICO KAMHESWARA', '0000-00-00 00:00:00', '0000-00-00 00:00:00'),
(606, 24, '232410099', 'MUHAMMAD FARIS AURA RAMADHAN ', '0000-00-00 00:00:00', '0000-00-00 00:00:00'),
(607, 24, '232410100', 'MUHAMMAD GILANG HASQHANDA', '0000-00-00 00:00:00', '0000-00-00 00:00:00'),
(608, 24, '232410101', 'MUHAMMAD ZAIN LABIB', '0000-00-00 00:00:00', '0000-00-00 00:00:00'),
(609, 24, '232410102', 'MUHMMAD SYAMMIL IZATULLAH', '0000-00-00 00:00:00', '0000-00-00 00:00:00'),
(610, 24, '232410103', 'NANDITA AVRILIANI', '0000-00-00 00:00:00', '0000-00-00 00:00:00'),
(611, 24, '232410104', 'NAUFAL MA\'RUF ASHRORI', '0000-00-00 00:00:00', '0000-00-00 00:00:00'),
(612, 24, '232410105', 'NYIMAS ZAINAH AULIA HASANAH', '0000-00-00 00:00:00', '0000-00-00 00:00:00'),
(613, 24, '232410106', 'RAFIE GHAUS PRASETYO', '0000-00-00 00:00:00', '0000-00-00 00:00:00'),
(614, 24, '232410107', 'RAFLI MUSTAFAINAL AKHYAAR', '0000-00-00 00:00:00', '0000-00-00 00:00:00'),
(615, 24, '232410108', 'RAIHAN FADHILAH RASYID', '0000-00-00 00:00:00', '0000-00-00 00:00:00'),
(616, 24, '232410109', 'RAISHA KAYLA AZHAR', '0000-00-00 00:00:00', '0000-00-00 00:00:00'),
(617, 24, '232410110', 'RAYYAN AMMAR FADHILLAH', '0000-00-00 00:00:00', '0000-00-00 00:00:00'),
(618, 24, '232410111', 'RENDY NUR FADHILA', '0000-00-00 00:00:00', '0000-00-00 00:00:00'),
(619, 24, '232410112', 'RIDHOTUL ANWAR', '0000-00-00 00:00:00', '0000-00-00 00:00:00'),
(620, 24, '232410113', 'RIFQI MAULANA ROCHMAN', '0000-00-00 00:00:00', '0000-00-00 00:00:00'),
(621, 24, '232410114', 'SASKIA PUTRI SALIMAH', '0000-00-00 00:00:00', '0000-00-00 00:00:00'),
(622, 24, '232410115', 'SASTIO DWI PANGESTU', '0000-00-00 00:00:00', '0000-00-00 00:00:00'),
(623, 25, '232410116', 'ABDUL RAFI MAULANA', '0000-00-00 00:00:00', '0000-00-00 00:00:00'),
(624, 25, '232410117', 'ABRAR FAJRIANTO', '0000-00-00 00:00:00', '0000-00-00 00:00:00'),
(625, 25, '232410118', 'ADIIB DZAKY ABDILLAH', '0000-00-00 00:00:00', '0000-00-00 00:00:00'),
(626, 25, '232410119', 'AHMAD HABIL AL-FAKHRI', '0000-00-00 00:00:00', '0000-00-00 00:00:00'),
(627, 25, '232410120', 'BAIHAQI MUHAMMAD AL GHIFARI', '0000-00-00 00:00:00', '0000-00-00 00:00:00'),
(628, 25, '232410121', 'DAFFA HAFIDZ IBNI', '0000-00-00 00:00:00', '0000-00-00 00:00:00'),
(629, 25, '232410122', 'DAVIN EKA SAPUTRA', '0000-00-00 00:00:00', '0000-00-00 00:00:00'),
(630, 25, '232410123', 'DIDA DAMAYANTI', '0000-00-00 00:00:00', '0000-00-00 00:00:00'),
(631, 25, '232410124', 'DZAKIYYAH TALITA SAKHI', '0000-00-00 00:00:00', '0000-00-00 00:00:00'),
(632, 25, '232410125', 'EGA PUTRA WINANDA', '0000-00-00 00:00:00', '0000-00-00 00:00:00'),
(633, 25, '232410127', 'FARI SYAUQI ATALLAH', '0000-00-00 00:00:00', '0000-00-00 00:00:00'),
(634, 25, '232410128', 'FATIH LUTFI PRATAMA TUEGEH', '0000-00-00 00:00:00', '0000-00-00 00:00:00'),
(635, 25, '232410285', 'FEBRIYANSYAH DWI PUTRA', '0000-00-00 00:00:00', '0000-00-00 00:00:00'),
(636, 25, '232410129', 'HANIF AMRULLAH', '0000-00-00 00:00:00', '0000-00-00 00:00:00'),
(637, 25, '232410130', 'HUMAM ATHAR', '0000-00-00 00:00:00', '0000-00-00 00:00:00'),
(638, 25, '232410131', 'JIBRIL BADANI', '0000-00-00 00:00:00', '0000-00-00 00:00:00'),
(639, 25, '232410132', 'MAHESA AKBAR FADILLAH', '0000-00-00 00:00:00', '0000-00-00 00:00:00'),
(640, 25, '232410133', 'MUHAMAD ALFAREL ', '0000-00-00 00:00:00', '0000-00-00 00:00:00'),
(641, 25, '232410134', 'MUHAMMAD AZMI ASSYAHID', '0000-00-00 00:00:00', '0000-00-00 00:00:00'),
(642, 25, '232410135', 'MUHAMMAD DAFFA KAMAL', '0000-00-00 00:00:00', '0000-00-00 00:00:00'),
(643, 25, '232410136', 'MUHAMMAD FAKHRI ALFACHREZZY', '0000-00-00 00:00:00', '0000-00-00 00:00:00'),
(644, 25, '232410137', 'MUHAMMAD MA\'RUF ISLAMUDDIN AL ANSHORI', '0000-00-00 00:00:00', '0000-00-00 00:00:00'),
(645, 25, '232410138', 'MUHAMMAD RIFQI MAULANA', '0000-00-00 00:00:00', '0000-00-00 00:00:00'),
(646, 25, '232410139', 'MUHAMMAD SOFYAN DAYAN', '0000-00-00 00:00:00', '0000-00-00 00:00:00'),
(647, 25, '232410140', 'NAUFAL NABIL HIBATULLAH ', '0000-00-00 00:00:00', '0000-00-00 00:00:00'),
(648, 25, '232410141', 'PANJI HADI KUSUMO', '0000-00-00 00:00:00', '0000-00-00 00:00:00'),
(649, 25, '232410142', 'RAKA SYARFA FALIHA', '0000-00-00 00:00:00', '0000-00-00 00:00:00'),
(650, 25, '232410143', 'RASYA ATHALLAH YUSUF', '0000-00-00 00:00:00', '0000-00-00 00:00:00'),
(651, 25, '232410144', 'RIZKY SAVERO APRILYANTO', '0000-00-00 00:00:00', '0000-00-00 00:00:00'),
(652, 25, '232410145', 'SALSABILA AZZAHRA', '0000-00-00 00:00:00', '0000-00-00 00:00:00'),
(653, 25, '232410146', 'SATRIA SYAFFA BILLAH', '0000-00-00 00:00:00', '0000-00-00 00:00:00'),
(654, 25, '232410147', 'VERLLY GRACIANO', '0000-00-00 00:00:00', '0000-00-00 00:00:00'),
(655, 26, '232410148', 'ABDUL AZIZ MARDIANTO ', '0000-00-00 00:00:00', '0000-00-00 00:00:00'),
(656, 26, '232410149', 'ABDUL MUSYAWIR', '0000-00-00 00:00:00', '0000-00-00 00:00:00'),
(657, 26, '232410150', 'ADE LUKMAN WIJAYA', '0000-00-00 00:00:00', '0000-00-00 00:00:00'),
(658, 26, '232410151', 'AHMAD KHOIRY ZAKI', '0000-00-00 00:00:00', '0000-00-00 00:00:00'),
(659, 26, '232410152', 'AMMAR DZAKY', '0000-00-00 00:00:00', '0000-00-00 00:00:00'),
(660, 26, '232410153', 'ANAQI PHASOPATI', '0000-00-00 00:00:00', '0000-00-00 00:00:00'),
(661, 26, '232410154', 'ANNISA KHAIROTUZZAHRA', '0000-00-00 00:00:00', '0000-00-00 00:00:00'),
(662, 26, '232410155', 'BANG BANG RIYADI', '0000-00-00 00:00:00', '0000-00-00 00:00:00'),
(663, 26, '232410156', 'DAFFA RAHMAD SAPUTRA', '0000-00-00 00:00:00', '0000-00-00 00:00:00'),
(664, 26, '232410157', 'DEVAN MAULANA PUTRA', '0000-00-00 00:00:00', '0000-00-00 00:00:00'),
(665, 26, '232410158', 'EZAR ZAIN ZAHABI', '0000-00-00 00:00:00', '0000-00-00 00:00:00'),
(666, 26, '232410159', 'FIRAS ABID ABIYANTO', '0000-00-00 00:00:00', '0000-00-00 00:00:00'),
(667, 26, '232410160', 'GHATAN VINZA AL GHIFFARY', '0000-00-00 00:00:00', '0000-00-00 00:00:00'),
(668, 26, '232410161', 'ISMAIL ALFIANDI AKBAR', '0000-00-00 00:00:00', '0000-00-00 00:00:00'),
(669, 26, '232410284', 'JAMALUL IKHSAN PRABOWO', '0000-00-00 00:00:00', '0000-00-00 00:00:00'),
(670, 26, '232410162', 'KEITARO RAMADHAN CECARIO', '0000-00-00 00:00:00', '0000-00-00 00:00:00'),
(671, 26, '232410163', 'KEIZA RAHMI KUSNADI', '0000-00-00 00:00:00', '0000-00-00 00:00:00'),
(672, 26, '232410164', 'M RIDHO', '0000-00-00 00:00:00', '0000-00-00 00:00:00'),
(673, 26, '232410165', 'MOCHAMAD MISBAHUL MUNIR', '0000-00-00 00:00:00', '0000-00-00 00:00:00'),
(674, 26, '232410166', 'MUHAMMAD ADLYAN FALAH', '0000-00-00 00:00:00', '0000-00-00 00:00:00'),
(675, 26, '232410167', 'MUHAMMAD IQBAL RAYA PRIHASTAMA', '0000-00-00 00:00:00', '0000-00-00 00:00:00'),
(676, 26, '232410168', 'MUHAMMAD RAMADHANI', '0000-00-00 00:00:00', '0000-00-00 00:00:00'),
(677, 26, '232410169', 'MUHAMMAD RASYA RAMADHAN', '0000-00-00 00:00:00', '0000-00-00 00:00:00'),
(678, 26, '232410170', 'NAFI AL ADAWY', '0000-00-00 00:00:00', '0000-00-00 00:00:00'),
(679, 26, '232410171', 'RAAFI AL BUCHORI', '0000-00-00 00:00:00', '0000-00-00 00:00:00'),
(680, 26, '232410172', 'RAKA NAFIS RADITYA', '0000-00-00 00:00:00', '0000-00-00 00:00:00'),
(681, 26, '232410173', 'RASYA FABIAN RIZKI P', '0000-00-00 00:00:00', '0000-00-00 00:00:00'),
(682, 26, '232410174', 'RISQI SANTOSO EDY WIBOWO', '0000-00-00 00:00:00', '0000-00-00 00:00:00'),
(683, 26, '232410175', 'RISYAD MUSTANIRANGGA', '0000-00-00 00:00:00', '0000-00-00 00:00:00'),
(684, 26, '232410176', 'ROMI ADITYA P', '0000-00-00 00:00:00', '0000-00-00 00:00:00'),
(685, 26, '232410177', 'YONGKI ABDIE WANSYAH', '0000-00-00 00:00:00', '0000-00-00 00:00:00'),
(686, 26, '232410178', 'ZAIDAN FIKRI MUDZAKY', '0000-00-00 00:00:00', '0000-00-00 00:00:00'),
(687, 27, '232410179', 'AHMAD AL GHIFARI ', '0000-00-00 00:00:00', '0000-00-00 00:00:00'),
(688, 27, '232410180', 'AISAH VADHILLAH', '0000-00-00 00:00:00', '0000-00-00 00:00:00'),
(689, 27, '232410181', 'ALDY BAHRAIN TRIYADI', '0000-00-00 00:00:00', '0000-00-00 00:00:00'),
(690, 27, '232410182', 'AMALIA AZZAHRA', '0000-00-00 00:00:00', '0000-00-00 00:00:00'),
(691, 27, '232410183', 'ANDRINA KEYRA GUNADE', '0000-00-00 00:00:00', '0000-00-00 00:00:00'),
(692, 27, '232410184', 'BILQIS SUROYYA ', '0000-00-00 00:00:00', '0000-00-00 00:00:00'),
(693, 27, '232410185', 'DAVID ORLANDO', '0000-00-00 00:00:00', '0000-00-00 00:00:00'),
(694, 27, '232410186', 'GITA AULIA', '0000-00-00 00:00:00', '0000-00-00 00:00:00'),
(695, 27, '232410187', 'JESSLYN NOVELICA W', '0000-00-00 00:00:00', '0000-00-00 00:00:00'),
(696, 27, '232410188', 'KALIN MALAYA DIMBO', '0000-00-00 00:00:00', '0000-00-00 00:00:00'),
(697, 27, '232410189', 'M FAKHRI HARYANA', '0000-00-00 00:00:00', '0000-00-00 00:00:00'),
(698, 27, '232410190', 'M SYAHRUL RAHMAN', '0000-00-00 00:00:00', '0000-00-00 00:00:00'),
(699, 27, '232410191', 'M.RAIS ALFIKRI', '0000-00-00 00:00:00', '0000-00-00 00:00:00'),
(700, 27, '232410192', 'M.RIFA\'AT HAFIS SHIRAZY', '0000-00-00 00:00:00', '0000-00-00 00:00:00'),
(701, 27, '232410193', 'MUHAMMAD RIZKY', '0000-00-00 00:00:00', '0000-00-00 00:00:00'),
(702, 27, '232410194', 'MUTHIA HUSNA ABIDAH', '0000-00-00 00:00:00', '0000-00-00 00:00:00'),
(703, 27, '232410195', 'NADA ARDIKA PUTRI', '0000-00-00 00:00:00', '0000-00-00 00:00:00'),
(704, 27, '232410196', 'NAILAH KAMILA', '0000-00-00 00:00:00', '0000-00-00 00:00:00'),
(705, 27, '232410197', 'NAJWA SYAUFIKA UTOMO', '0000-00-00 00:00:00', '0000-00-00 00:00:00'),
(706, 27, '232410198', 'QONIAH MIFTAHUL HASANAH', '0000-00-00 00:00:00', '0000-00-00 00:00:00'),
(707, 27, '232410288', 'RAZZAK ZAHRAN S', '0000-00-00 00:00:00', '0000-00-00 00:00:00'),
(708, 27, '232410199', 'RIFAYA NAZANIN NAILAH', '0000-00-00 00:00:00', '0000-00-00 00:00:00'),
(709, 27, '232410200', 'RIZKI DWI PUTRA', '0000-00-00 00:00:00', '0000-00-00 00:00:00'),
(710, 27, '232410201', 'SULTHAN QORIE AKMAL', '0000-00-00 00:00:00', '0000-00-00 00:00:00'),
(711, 27, '232410202', 'WINOV STEFANOVIC ', '0000-00-00 00:00:00', '0000-00-00 00:00:00'),
(712, 27, '232410203', 'YURIDA SALAMAH', '0000-00-00 00:00:00', '0000-00-00 00:00:00'),
(713, 28, '232410204', 'ALIF NUR ISLAMI RIZKY SYAFAAT', '0000-00-00 00:00:00', '0000-00-00 00:00:00'),
(714, 28, '232410205', 'ANANDA APRIADI ', '0000-00-00 00:00:00', '0000-00-00 00:00:00'),
(715, 28, '232410206', 'ANGGI FAISYAH', '0000-00-00 00:00:00', '0000-00-00 00:00:00'),
(716, 28, '232410207', 'ANINDYA LEMBAYUNG PUTRI', '0000-00-00 00:00:00', '0000-00-00 00:00:00'),
(717, 28, '232410208', 'APRIDA RIZKIYAH AZZAHRA', '0000-00-00 00:00:00', '0000-00-00 00:00:00'),
(718, 28, '232410209', 'AREZ RIZKY VADHEO', '0000-00-00 00:00:00', '0000-00-00 00:00:00'),
(719, 28, '232410210', 'CANTIKA ANINDYA PUTRI', '0000-00-00 00:00:00', '0000-00-00 00:00:00'),
(720, 28, '232410211', 'ESA NINO BRAMANTIO ', '0000-00-00 00:00:00', '0000-00-00 00:00:00'),
(721, 28, '232410286', 'FATTAH AIN CAHYO SAMOEDRO', '0000-00-00 00:00:00', '0000-00-00 00:00:00'),
(722, 28, '232410212', 'GITA NOVIANA', '0000-00-00 00:00:00', '0000-00-00 00:00:00'),
(723, 28, '232410213', 'HARITSAH RAZBIA JHAN', '0000-00-00 00:00:00', '0000-00-00 00:00:00'),
(724, 28, '232410214', 'LAILA AZIZAH PRATIWI', '0000-00-00 00:00:00', '0000-00-00 00:00:00'),
(725, 28, '232410215', 'MAHEESA FEBRIAN CASANOVA', '0000-00-00 00:00:00', '0000-00-00 00:00:00'),
(726, 28, '232410216', 'MUHAMMAD ABYAN GHIFFARI', '0000-00-00 00:00:00', '0000-00-00 00:00:00'),
(727, 28, '232410217', 'MUHAMMAD AKHDAN AHNAF', '0000-00-00 00:00:00', '0000-00-00 00:00:00'),
(728, 28, '232410218', 'MUHAMMAD ALI HAFIDZH', '0000-00-00 00:00:00', '0000-00-00 00:00:00'),
(729, 28, '232410219', 'NAKEISHA ARINJANI ZAHRA', '0000-00-00 00:00:00', '0000-00-00 00:00:00'),
(730, 28, '232410220', 'NASYWA CAHYA FITRI', '0000-00-00 00:00:00', '0000-00-00 00:00:00'),
(731, 28, '232410221', 'NAYMAH RAMADHANI LUBIS', '0000-00-00 00:00:00', '0000-00-00 00:00:00'),
(732, 28, '232410222', 'RAISYA MUTHI HANIDA', '0000-00-00 00:00:00', '0000-00-00 00:00:00'),
(733, 28, '232410223', 'RIZKY MUHAMMAD ZIDANE', '0000-00-00 00:00:00', '0000-00-00 00:00:00'),
(734, 28, '232410224', 'SABRINA MARSYA SAFINA', '0000-00-00 00:00:00', '0000-00-00 00:00:00'),
(735, 28, '232410225', 'SYABIA MATTARI SIDDIQ', '0000-00-00 00:00:00', '0000-00-00 00:00:00'),
(736, 28, '232410226', 'VERONICA STANDY CHRISTIANI ', '0000-00-00 00:00:00', '0000-00-00 00:00:00'),
(737, 28, '232410227', 'WILDAN SUYUTHI ', '0000-00-00 00:00:00', '0000-00-00 00:00:00'),
(738, 29, '232410228', 'ANGGI SULISTIA', '0000-00-00 00:00:00', '0000-00-00 00:00:00'),
(739, 29, '232410229', 'ARFINDO BEKATANIA ', '0000-00-00 00:00:00', '0000-00-00 00:00:00'),
(740, 29, '232410230', 'AURA PUTRI', '0000-00-00 00:00:00', '0000-00-00 00:00:00'),
(741, 29, '232410231', 'AUREL NOVEMBRIAN ABWA', '0000-00-00 00:00:00', '0000-00-00 00:00:00'),
(742, 29, '232410232', 'AURELITA PUTRI OCTAVIA', '0000-00-00 00:00:00', '0000-00-00 00:00:00'),
(743, 29, '232410233', 'AZHAR GUNAWAN AL GHAZI', '0000-00-00 00:00:00', '0000-00-00 00:00:00'),
(744, 29, '232410234', 'AZZAHRA PRISA NAYSILLA', '0000-00-00 00:00:00', '0000-00-00 00:00:00'),
(745, 29, '232410235', 'ESTER GRETA PAULINA', '0000-00-00 00:00:00', '0000-00-00 00:00:00'),
(746, 29, '232410236', 'FRANSISKUS JULIO KATI', '0000-00-00 00:00:00', '0000-00-00 00:00:00'),
(747, 29, '232410237', 'HAURA AZZALIA ABDULLAH', '0000-00-00 00:00:00', '0000-00-00 00:00:00'),
(748, 29, '232410238', 'IQBAL NAUFAL', '0000-00-00 00:00:00', '0000-00-00 00:00:00'),
(749, 29, '232410239', 'KAYLA LIBNA AYUMA', '0000-00-00 00:00:00', '0000-00-00 00:00:00'),
(750, 29, '232410240', 'KENCANA SASI', '0000-00-00 00:00:00', '0000-00-00 00:00:00'),
(751, 29, '232410241', 'M HABIBIE NAUFAL', '0000-00-00 00:00:00', '0000-00-00 00:00:00'),
(752, 29, '232410242', 'MUHAMMAD ALIF FIKRIYYA ZAENAL', '0000-00-00 00:00:00', '0000-00-00 00:00:00'),
(753, 29, '232410243', 'MUHAMMAD JAYA KARTA', '0000-00-00 00:00:00', '0000-00-00 00:00:00'),
(754, 29, '232410244', 'MUHAMMAD RIFQI NURFAJAR KUSUMA', '0000-00-00 00:00:00', '0000-00-00 00:00:00'),
(755, 29, '232410245', 'MUHAMMAD RIZKI ALFARIZ', '0000-00-00 00:00:00', '0000-00-00 00:00:00'),
(756, 29, '232410246', 'NAKISHA AYU WIDIYANTO', '0000-00-00 00:00:00', '0000-00-00 00:00:00'),
(757, 29, '232410247', 'NASYWA EKA NUR FIKRIYAH', '0000-00-00 00:00:00', '0000-00-00 00:00:00'),
(758, 29, '232410248', 'NUR ANGGREINI LESTARI APRILIA', '0000-00-00 00:00:00', '0000-00-00 00:00:00'),
(759, 29, '232410249', 'RIZKA RAHMAWATI', '0000-00-00 00:00:00', '0000-00-00 00:00:00'),
(760, 29, '232410250', 'SATRIO MUHAMMMAD JIWA', '0000-00-00 00:00:00', '0000-00-00 00:00:00'),
(761, 29, '232410251', 'SILFIA KARIN', '0000-00-00 00:00:00', '0000-00-00 00:00:00'),
(762, 29, '232410252', 'ZHAFRAN SYAHPUTRA YUDHA', '0000-00-00 00:00:00', '0000-00-00 00:00:00'),
(763, 30, '232410253', 'ADITIA FIRMANSYAH', '0000-00-00 00:00:00', '0000-00-00 00:00:00'),
(764, 30, '232410254', 'AL FARIDZY PUTRA MADANI', '0000-00-00 00:00:00', '0000-00-00 00:00:00'),
(765, 30, '232410255', 'AMARIO DINATA', '0000-00-00 00:00:00', '0000-00-00 00:00:00'),
(766, 30, '232410256', 'ARNOLDUS J JOSHUA', '0000-00-00 00:00:00', '0000-00-00 00:00:00'),
(767, 30, '232410257', 'DAFFA ARTA RACHMATULLOH', '0000-00-00 00:00:00', '0000-00-00 00:00:00'),
(768, 30, '232410258', 'DESTA PUTRA WIRAHMAN', '0000-00-00 00:00:00', '0000-00-00 00:00:00'),
(769, 30, '232410259', 'EKA PRSETYA ', '0000-00-00 00:00:00', '0000-00-00 00:00:00'),
(770, 30, '232410260', 'ERLAN MUSYAFFA ', '0000-00-00 00:00:00', '0000-00-00 00:00:00'),
(771, 30, '232410261', 'FACHRY NABIL RAMZY', '0000-00-00 00:00:00', '0000-00-00 00:00:00'),
(772, 30, '232410262', 'FAHRI AKBAR', '0000-00-00 00:00:00', '0000-00-00 00:00:00'),
(773, 30, '232410263', 'FAHRI AL FADILLAH', '0000-00-00 00:00:00', '0000-00-00 00:00:00'),
(774, 30, '232410264', 'FATHIR AHMAD DINAZEB', '0000-00-00 00:00:00', '0000-00-00 00:00:00'),
(775, 30, '232410265', 'HAFIZ FAJAR ARIFFIN ', '0000-00-00 00:00:00', '0000-00-00 00:00:00'),
(776, 30, '232410266', 'HILMY DAFFA JUHARI', '0000-00-00 00:00:00', '0000-00-00 00:00:00'),
(777, 30, '232410267', 'HOSE EKKLESIA GAHA', '0000-00-00 00:00:00', '0000-00-00 00:00:00'),
(778, 30, '232410268', 'KAFKA AYYASY AL GAZA ', '0000-00-00 00:00:00', '0000-00-00 00:00:00'),
(779, 30, '232410269', 'MALIK AL FAJRI ', '0000-00-00 00:00:00', '0000-00-00 00:00:00'),
(780, 30, '232410270', 'MALLQI SETYAWAN ', '0000-00-00 00:00:00', '0000-00-00 00:00:00'),
(781, 30, '232410271', 'MUHAMMAD  RAIHAN FADHLURROHMAN ', '0000-00-00 00:00:00', '0000-00-00 00:00:00'),
(782, 30, '232410272', 'MUHAMMAD FAIZ SHAHAN SAH', '0000-00-00 00:00:00', '0000-00-00 00:00:00'),
(783, 30, '232410273', 'MUHAMMAD FAUZI PRASETYA', '0000-00-00 00:00:00', '0000-00-00 00:00:00'),
(784, 30, '232410274', 'MUHAMMAD JANUARSYAH BAHRI', '0000-00-00 00:00:00', '0000-00-00 00:00:00'),
(785, 30, '232410275', 'ODELIO EUGENE GERUBINE LATUHERU', '0000-00-00 00:00:00', '0000-00-00 00:00:00'),
(786, 30, '232410276', 'RASYID DWI PRASETYO', '0000-00-00 00:00:00', '0000-00-00 00:00:00'),
(787, 30, '232410277', 'SETO PURNOMO AJI', '0000-00-00 00:00:00', '0000-00-00 00:00:00'),
(788, 30, '232410278', 'SOFYAN HAFIZ MAULANA ', '0000-00-00 00:00:00', '0000-00-00 00:00:00'),
(789, 30, '232410279', 'YONATHAN SAUT MARTUNAS', '0000-00-00 00:00:00', '0000-00-00 00:00:00'),
(790, 30, '232410280', 'YUDA SAPUTRA', '0000-00-00 00:00:00', '0000-00-00 00:00:00'),
(791, 30, '232410281', 'ZAHRAN TSAQIF REMENDIAS', '0000-00-00 00:00:00', '0000-00-00 00:00:00'),
(792, 30, '232410282', 'ZAKI MUHAMMADN IQBAL', '0000-00-00 00:00:00', '0000-00-00 00:00:00'),
(793, 30, '232410283', 'ZULFIKAR TRI PARTO NUGROHO', '0000-00-00 00:00:00', '0000-00-00 00:00:00');

-- --------------------------------------------------------

--
-- Table structure for table `sw_site`
--

CREATE TABLE `sw_site` (
  `site_id` bigint(20) UNSIGNED NOT NULL,
  `site_url` varchar(255) COLLATE utf8mb4_unicode_ci NOT NULL,
  `site_name` varchar(255) COLLATE utf8mb4_unicode_ci NOT NULL,
  `site_company` varchar(255) COLLATE utf8mb4_unicode_ci NOT NULL,
  `site_manager` varchar(255) COLLATE utf8mb4_unicode_ci NOT NULL,
  `site_director` varchar(255) COLLATE utf8mb4_unicode_ci NOT NULL,
  `site_phone` varchar(255) COLLATE utf8mb4_unicode_ci NOT NULL,
  `site_address` varchar(255) COLLATE utf8mb4_unicode_ci NOT NULL
) ENGINE=InnoDB DEFAULT CHARSET=utf8mb4 COLLATE=utf8mb4_unicode_ci;

--
-- Dumping data for table `sw_site`
--

INSERT INTO `sw_site` (`site_id`, `site_url`, `site_name`, `site_company`, `site_manager`, `site_director`, `site_phone`, `site_address`) VALUES
(1, 'http://localhost/telsqr/absen', 'test', 'test', 'test', 'test', 'test', 'test');

-- --------------------------------------------------------

--
-- Table structure for table `tgl_absensi`
--

CREATE TABLE `tgl_absensi` (
  `id` bigint(20) UNSIGNED NOT NULL,
  `tgl_absen` varchar(255) COLLATE utf8mb4_unicode_ci NOT NULL,
  `minggu` varchar(255) COLLATE utf8mb4_unicode_ci NOT NULL,
  `tahun` varchar(100) COLLATE utf8mb4_unicode_ci NOT NULL,
  `dibuat_oleh` varchar(255) COLLATE utf8mb4_unicode_ci NOT NULL,
  `created_at` timestamp NULL DEFAULT NULL,
  `updated_at` timestamp NULL DEFAULT NULL
) ENGINE=InnoDB DEFAULT CHARSET=utf8mb4 COLLATE=utf8mb4_unicode_ci;

--
-- Dumping data for table `tgl_absensi`
--

INSERT INTO `tgl_absensi` (`id`, `tgl_absen`, `minggu`, `tahun`, `dibuat_oleh`, `created_at`, `updated_at`) VALUES
(1, '10 August 2023', '32', '2023', 'EDWIN', '2023-08-09 18:38:39', '2023-08-09 18:38:39'),
(2, '13 August 2023', '32', '2023', 'diah', '2023-08-13 11:18:23', '2023-08-13 11:18:23'),
(3, '19 August 2023', '33', '2023', 'diah', '2023-08-19 11:54:47', '2023-08-19 11:54:47'),
(4, '20 August 2023', '33', '2023', 'diah', '2023-08-20 04:23:03', '2023-08-20 04:23:03');

-- --------------------------------------------------------

--
-- Table structure for table `tingkatan`
--

CREATE TABLE `tingkatan` (
  `id` bigint(20) UNSIGNED NOT NULL,
  `tingkatan` enum('x','xi','xii') COLLATE utf8mb4_unicode_ci NOT NULL,
  `created_at` timestamp NULL DEFAULT NULL,
  `updated_at` timestamp NULL DEFAULT NULL
) ENGINE=InnoDB DEFAULT CHARSET=utf8mb4 COLLATE=utf8mb4_unicode_ci;

--
-- Dumping data for table `tingkatan`
--

INSERT INTO `tingkatan` (`id`, `tingkatan`, `created_at`, `updated_at`) VALUES
(1, 'x', '2023-08-09 18:31:06', '2023-08-09 18:31:06'),
(2, 'xi', '2023-08-13 09:09:02', '2023-08-13 09:09:02'),
(3, 'xii', '2023-08-13 09:09:09', '2023-08-13 09:09:09');

-- --------------------------------------------------------

--
-- Table structure for table `tugas`
--

CREATE TABLE `tugas` (
  `id` bigint(20) UNSIGNED NOT NULL,
  `id_guru` bigint(20) NOT NULL,
  `id_tingkatan` bigint(20) NOT NULL,
  `id_jurusan` bigint(20) NOT NULL,
  `id_kelas` bigint(20) NOT NULL,
  `id_mapel` bigint(20) NOT NULL,
  `tugas` text COLLATE utf8mb4_unicode_ci NOT NULL,
  `jam_ke` varchar(255) COLLATE utf8mb4_unicode_ci NOT NULL,
  `tgl_tugas` varchar(255) COLLATE utf8mb4_unicode_ci NOT NULL,
  `deadline` varchar(255) COLLATE utf8mb4_unicode_ci NOT NULL,
  `link_tugas` varchar(255) COLLATE utf8mb4_unicode_ci DEFAULT NULL,
  `metode_pengumpulan` enum('drive','wa','koordinator','lainnya') COLLATE utf8mb4_unicode_ci NOT NULL,
  `info_metode_pengumpulan` text COLLATE utf8mb4_unicode_ci NOT NULL,
  `created_at` timestamp NULL DEFAULT NULL,
  `updated_at` timestamp NULL DEFAULT NULL
) ENGINE=InnoDB DEFAULT CHARSET=utf8mb4 COLLATE=utf8mb4_unicode_ci;

-- --------------------------------------------------------

--
-- Table structure for table `users`
--

CREATE TABLE `users` (
  `id` bigint(20) UNSIGNED NOT NULL,
  `name` varchar(255) COLLATE utf8mb4_unicode_ci NOT NULL,
  `username` varchar(255) COLLATE utf8mb4_unicode_ci NOT NULL,
  `email` varchar(255) COLLATE utf8mb4_unicode_ci NOT NULL,
  `guru` tinyint(1) DEFAULT NULL,
  `walas` tinyint(1) DEFAULT NULL,
  `level` enum('admin','kepsek','kurikulum','kesiswaan','piket','walas','guru','sekrekelas') COLLATE utf8mb4_unicode_ci NOT NULL,
  `email_verified_at` timestamp NULL DEFAULT NULL,
  `password` varchar(255) COLLATE utf8mb4_unicode_ci NOT NULL,
  `remember_token` varchar(100) COLLATE utf8mb4_unicode_ci DEFAULT NULL,
  `created_at` timestamp NULL DEFAULT NULL,
  `updated_at` timestamp NULL DEFAULT NULL
) ENGINE=InnoDB DEFAULT CHARSET=utf8mb4 COLLATE=utf8mb4_unicode_ci;

--
-- Dumping data for table `users`
--

INSERT INTO `users` (`id`, `name`, `username`, `email`, `guru`, `walas`, `level`, `email_verified_at`, `password`, `remember_token`, `created_at`, `updated_at`) VALUES
(1, 'Faric', 'admin', 'admin@gmail.com', NULL, NULL, 'admin', NULL, '$2y$10$dhTcTNxu2GoFj/vQXK0jcOWswd.bbs3QVVrlQk6fQVpFHUIKC47Iy', NULL, '2023-08-09 18:27:48', '2023-08-09 18:27:48'),
(7, 'Ambar Kartikasari Anjasmara, S.Si.', 'ambar123', 'ambar@gmail.com', 1, 1, 'guru', NULL, '$2y$10$K4jlOlZu8o3PcpX3G4ZKmeUEVC3s77fS0MtnqX.9PAwql2jiwTque', NULL, '2023-08-13 09:23:03', '2023-08-13 09:23:03'),
(8, 'Abdul Rahman, S.Pd.', 'abdul123', 'abdul@gmail.com', 1, 1, 'guru', NULL, '$2y$10$8BopO5fpkOQg3HlXJ99yP.8ppeza3zaqujP/BL0H3ho581WYryODy', NULL, '2023-08-13 09:24:18', '2023-08-13 09:24:18'),
(9, 'Suci Kurnia Sari, S.Pd.', 'suci123', 'suci@gmail.com', 1, 1, 'guru', NULL, '$2y$10$93BPe0/XHmXVkD7VY3gKJuS.xm9MzyecLtzyEM90UdWxU4chkA.YW', NULL, '2023-08-13 09:25:21', '2023-08-13 09:25:31'),
(10, 'Tanti Apriani, S.T.', 'tanti123', 'tanti@gmail.com', 1, 1, 'guru', NULL, '$2y$10$9xENWmnt4JUYNfHfFtEZROpEPYjHYxkYF.bF8aokByMQgdFZlh4tK', NULL, '2023-08-13 09:29:57', '2023-08-13 09:29:57'),
(11, 'Ahmariya, S.H., S.Pd., M.H.', 'ahmariya123', 'ahmariya@gmail.com', 1, 1, 'guru', NULL, '$2y$10$Neaw3jYcp9oZe4gZpsdds.HMrIaoTSmlSM/utxEFATFpMcXvUpJ0W', NULL, '2023-08-13 09:31:00', '2023-08-13 09:31:00'),
(12, 'Sri Junafiah, S.Pd.', 'sri123', 'sri@gmail.com', 1, 1, 'guru', NULL, '$2y$10$8PWvNiRLC3K6nL7EVRK2eOrZSjXCI6t5WkMXERUtvw0/Qh7VjGR0m', NULL, '2023-08-13 09:32:09', '2023-08-13 09:32:09'),
(13, 'Monica Irawati Rachmaningrum, S.Pd.', 'monica123', 'monica@gmail.com', 1, 1, 'guru', NULL, '$2y$10$jdAZ8KoBbIYJgeTYTGTN9OVA65.Pu0M.YLyn/YpGrrWKEbOiRakN.', NULL, '2023-08-13 09:33:06', '2023-08-13 09:33:06'),
(14, 'Sri Ahyani, S.Pd.', 'ahyani123', 'ahyani@gmail.com', 1, 1, 'guru', NULL, '$2y$10$s3Wa53sRDUZ.fZopdqiMf.6BWVxC0sM2isTfp.zXja/TJVnBswzqC', NULL, '2023-08-13 09:33:42', '2023-08-13 09:33:42'),
(15, 'Syarif Hidayatulloh, S.Sos.', 'syarif123', 'syarif@gmail.com', 1, 1, 'guru', NULL, '$2y$10$k/dWHCqv7J8eZT/OPTAvJe3.oYI3kqJi5aP2fcsAJz.cEuQKfDTeO', NULL, '2023-08-13 09:34:20', '2023-08-13 09:34:20'),
(16, 'Endah Khodijah, S.Hi.', 'endah123', 'endah@gmail.com', 1, 1, 'guru', NULL, '$2y$10$7Q5DyJPBUQSjVMtMm3S.KeEd3dlbkDp2fMN4QjZnreYq2hKkCcFl2', NULL, '2023-08-13 09:47:31', '2023-08-13 09:47:31'),
(17, 'Marissa Dewi Sartika, S.Kom.', 'marissa123', 'marissa@gmail.com', 1, 1, 'guru', NULL, '$2y$10$TCjz5DfBoyqmOoNFi/hgJug543yhPUBkFaOP.JE1yzJWoTUOtlAB.', NULL, '2023-08-13 09:48:24', '2023-08-13 09:48:24'),
(18, 'Sukadi, S.T.', 'sukadi123', 'sukadi@gmail.com', 1, 1, 'guru', NULL, '$2y$10$42qmVlup5oc1ZSa/w1RlvOvUf3/jqR4I.P1pLMOfq/KyL2GKxm8Pa', NULL, '2023-08-13 09:48:58', '2023-08-13 09:48:58'),
(19, 'Ai Susi Sukmawati, S.Pd.', 'aisusi123', 'aisusi@gmail.com', 1, 1, 'guru', NULL, '$2y$10$uOlaiDWUG013VMcX0M4sYOP34yTeWLNuRqJ01dp0924fQOvkMP.Ke', NULL, '2023-08-13 09:49:43', '2023-08-13 09:49:43'),
(20, 'Lisa Devita Irianti, S.S.', 'lisa123', 'lisa@gmail.com', 1, 1, 'guru', NULL, '$2y$10$yMIdGk5DL/NspXr2G5AqW.GamgwmRKq9ktiidZLg7xnINYSKatZCy', NULL, '2023-08-13 09:51:33', '2023-08-13 09:51:33'),
(21, 'Dewi Andriani, S.E.', 'dewi123', 'dewi@gmail.com', 1, 1, 'guru', NULL, '$2y$10$FqzX8DAlGuh1FfKq9pm3eefy9w4LvfYImnP2FGWl.1rS/WxmLqM8i', NULL, '2023-08-13 09:52:05', '2023-08-13 09:52:05'),
(22, 'Mutiara Adelia Putri, S.Psi.', 'mutiara123', 'mutiara@gmail.com', 1, 1, 'guru', NULL, '$2y$10$U9hEUFU8K2xS5TJLpJ6v6OU09fG5uerKZeRjCuwlgCMemI0ytLfQO', NULL, '2023-08-13 09:52:47', '2023-08-13 09:52:47'),
(23, 'Ghaida Choerunisa, S.Pd.', 'ghaida123', 'ghaida@gmail.com', 1, 1, 'guru', NULL, '$2y$10$GiMF3cx1JumGIrNj/xKtV.RR5x1IGThYbnCFZkns/6TRN0skJmB9G', NULL, '2023-08-13 09:53:25', '2023-08-13 09:53:25'),
(24, 'Respati Yudo Anggono, S.Kom.', 'respati123', 'respati@gmail.com', 1, 1, 'guru', NULL, '$2y$10$Fzt21SeJaUQw00skPfXxVOPROpMUBMsXLXzDmIWiS3OZEwZBhUmre', NULL, '2023-08-13 09:55:21', '2023-08-13 09:55:21'),
(25, 'Ine Yulianti, S.Pd.', 'ine123', 'ine@gmail.com', 1, 1, 'guru', NULL, '$2y$10$UXp3cpp9X.9fis7sSdepuO2KvzIDNolJyrCDhzz6H5WLAVmcQH7tq', NULL, '2023-08-13 09:56:02', '2023-08-13 09:56:02'),
(26, 'Edwin Kusumawardany, S.Pd.', 'edwin123', 'edwin@gmail.com', 1, 1, 'guru', NULL, '$2y$10$Rzcakv2Vvg1lOOgmxzD1NuQa7lHZVJ233iatVLJRlONyzIvUkWJz2', NULL, '2023-08-13 09:57:32', '2023-08-13 09:57:32'),
(27, 'Jaja Subagja, S.Si.', 'jaja123', 'jaja@gmail.com', 1, 1, 'guru', NULL, '$2y$10$2DKmMWItRXoXXghXrCmFsOs.GoB2u5MrpQnCvnNgWOSRE2c3M2xJe', NULL, '2023-08-13 09:58:27', '2023-08-13 09:58:27'),
(28, 'Akbar Imam Fernando, S.Pd.', 'akbar123', 'akbar@gmail.com', 1, 1, 'guru', NULL, '$2y$10$/mdn3xa6VsDFGjqXi0bW6uqn0G2J7oPKJOhcpoCpSxdvts4Gv44RW', NULL, '2023-08-13 09:59:09', '2023-08-13 09:59:09'),
(29, 'Amir Budiono, S.Si.', 'amir123', 'amir@gmail.com', 1, 1, 'guru', NULL, '$2y$10$SMADcXV3.iALbIxGz05vDeGFTQLAZ0kVsNc67phzOkSo/gBSuXN2q', NULL, '2023-08-13 09:59:39', '2023-08-13 09:59:39'),
(30, 'Rahma Ilma Layla, S.Pd.', 'rahma123', 'rahma@gmail.com', 1, 1, 'guru', NULL, '$2y$10$gTFUzH.HwWGoqSMxepIOYOIBpGKC5uYUHr.30QvZfqzB3GZqj./7C', NULL, '2023-08-13 10:05:33', '2023-08-13 10:05:33'),
(31, 'Istiana Adesty, S.Kom.', 'istiana123', 'istiana@gmail.com', 1, 1, 'guru', NULL, '$2y$10$vm9xAohGMp4feATVqo8qo.w4./dpLVsO8FY3pLiVUhN0iD7VG5sFS', NULL, '2023-08-13 10:06:19', '2023-08-13 10:06:19'),
(32, 'Jamroni, S.Pd.', 'jamroni123', 'jamroni@gmail.com', 1, 1, 'guru', NULL, '$2y$10$u5ABvApYLb.8Oz7MrcB.S./3Dh5luBfgCq26WAzxRVycTLeoa3mM.', NULL, '2023-08-13 10:07:04', '2023-08-13 10:07:04'),
(33, 'Eka Mulyani, S.S.', 'eka123', 'eka@gmail.com', 1, 1, 'guru', NULL, '$2y$10$7GTY/oyrLEoKSlLW5oj.9e266xk8qGxl7w54xsQFqBAgrAlYXilTO', NULL, '2023-08-13 10:07:35', '2023-08-13 10:07:35'),
(34, 'Nani Nur Aeni, S.Pd.', 'nani123', 'nani@gmail.com', 1, 1, 'guru', NULL, '$2y$10$ifGpoXKDzCQ2YyWUDWl0POGQp3hA2gqZgwx4lyRzGp8qvSJV.S7rK', NULL, '2023-08-13 10:08:06', '2023-08-13 10:08:06'),
(35, 'Anggun Palawati Palupi, S.Pd.', 'anggun123', 'anggun@gmail.com', 1, 1, 'guru', NULL, '$2y$10$9QwZ3A8AGFlgO/4x0iL6vu6Ck2M6uzLFTLm2CFVcdE07UvMYJaPdS', NULL, '2023-08-13 10:08:38', '2023-08-13 10:08:38'),
(36, 'MUHAMMAD AZKA FAJRI MAHESWARA', 'azka123', 'azka@gmail.com', 0, 0, 'sekrekelas', NULL, '$2y$10$Cje0.kd4E4Ceq4uTaptvS.tcprfgqOuIMScQ90TfW4cLklHV53qGS', NULL, '2023-08-13 11:15:24', '2023-08-13 11:15:24'),
(37, 'diah', 'diah123', 'diah@gmail.com', 0, 0, 'piket', NULL, '$2y$10$NjyE4JSY.rv5q35OgEjPN.j9WpGz8wnOSwCdOohGqe8o4YiI8GHEC', NULL, '2023-08-13 11:17:46', '2023-08-13 11:17:46');

--
-- Indexes for dumped tables
--

--
-- Indexes for table `absensi_guru`
--
ALTER TABLE `absensi_guru`
  ADD PRIMARY KEY (`id`);

--
-- Indexes for table `absensi_siswa`
--
ALTER TABLE `absensi_siswa`
  ADD PRIMARY KEY (`id`);

--
-- Indexes for table `absen_masuk_siswa`
--
ALTER TABLE `absen_masuk_siswa`
  ADD PRIMARY KEY (`id`);

--
-- Indexes for table `akun_qr`
--
ALTER TABLE `akun_qr`
  ADD PRIMARY KEY (`id`);

--
-- Indexes for table `failed_jobs`
--
ALTER TABLE `failed_jobs`
  ADD PRIMARY KEY (`id`),
  ADD UNIQUE KEY `failed_jobs_uuid_unique` (`uuid`);

--
-- Indexes for table `file_tugas`
--
ALTER TABLE `file_tugas`
  ADD PRIMARY KEY (`id`);

--
-- Indexes for table `jurusan`
--
ALTER TABLE `jurusan`
  ADD PRIMARY KEY (`id`);

--
-- Indexes for table `kelas`
--
ALTER TABLE `kelas`
  ADD PRIMARY KEY (`id`);

--
-- Indexes for table `mapel`
--
ALTER TABLE `mapel`
  ADD PRIMARY KEY (`id`);

--
-- Indexes for table `migrations`
--
ALTER TABLE `migrations`
  ADD PRIMARY KEY (`id`);

--
-- Indexes for table `password_resets`
--
ALTER TABLE `password_resets`
  ADD KEY `password_resets_email_index` (`email`);

--
-- Indexes for table `pengaturan_absensi`
--
ALTER TABLE `pengaturan_absensi`
  ADD PRIMARY KEY (`id`);

--
-- Indexes for table `personal_access_tokens`
--
ALTER TABLE `personal_access_tokens`
  ADD PRIMARY KEY (`id`),
  ADD UNIQUE KEY `personal_access_tokens_token_unique` (`token`),
  ADD KEY `personal_access_tokens_tokenable_type_tokenable_id_index` (`tokenable_type`,`tokenable_id`);

--
-- Indexes for table `siswa`
--
ALTER TABLE `siswa`
  ADD PRIMARY KEY (`id`),
  ADD UNIQUE KEY `siswa_nis_unique` (`nis`),
  ADD UNIQUE KEY `siswa_nama_unique` (`nama`);

--
-- Indexes for table `sw_site`
--
ALTER TABLE `sw_site`
  ADD PRIMARY KEY (`site_id`);

--
-- Indexes for table `tgl_absensi`
--
ALTER TABLE `tgl_absensi`
  ADD PRIMARY KEY (`id`);

--
-- Indexes for table `tingkatan`
--
ALTER TABLE `tingkatan`
  ADD PRIMARY KEY (`id`);

--
-- Indexes for table `tugas`
--
ALTER TABLE `tugas`
  ADD PRIMARY KEY (`id`);

--
-- Indexes for table `users`
--
ALTER TABLE `users`
  ADD PRIMARY KEY (`id`),
  ADD UNIQUE KEY `users_username_unique` (`username`),
  ADD UNIQUE KEY `users_email_unique` (`email`);

--
-- AUTO_INCREMENT for dumped tables
--

--
-- AUTO_INCREMENT for table `absensi_guru`
--
ALTER TABLE `absensi_guru`
  MODIFY `id` bigint(20) UNSIGNED NOT NULL AUTO_INCREMENT;

--
-- AUTO_INCREMENT for table `absensi_siswa`
--
ALTER TABLE `absensi_siswa`
  MODIFY `id` bigint(20) UNSIGNED NOT NULL AUTO_INCREMENT, AUTO_INCREMENT=7;

--
-- AUTO_INCREMENT for table `absen_masuk_siswa`
--
ALTER TABLE `absen_masuk_siswa`
  MODIFY `id` bigint(20) UNSIGNED NOT NULL AUTO_INCREMENT, AUTO_INCREMENT=7;

--
-- AUTO_INCREMENT for table `akun_qr`
--
ALTER TABLE `akun_qr`
  MODIFY `id` bigint(20) UNSIGNED NOT NULL AUTO_INCREMENT, AUTO_INCREMENT=5;

--
-- AUTO_INCREMENT for table `failed_jobs`
--
ALTER TABLE `failed_jobs`
  MODIFY `id` bigint(20) UNSIGNED NOT NULL AUTO_INCREMENT;

--
-- AUTO_INCREMENT for table `file_tugas`
--
ALTER TABLE `file_tugas`
  MODIFY `id` bigint(20) UNSIGNED NOT NULL AUTO_INCREMENT;

--
-- AUTO_INCREMENT for table `jurusan`
--
ALTER TABLE `jurusan`
  MODIFY `id` bigint(20) UNSIGNED NOT NULL AUTO_INCREMENT, AUTO_INCREMENT=6;

--
-- AUTO_INCREMENT for table `kelas`
--
ALTER TABLE `kelas`
  MODIFY `id` bigint(20) UNSIGNED NOT NULL AUTO_INCREMENT, AUTO_INCREMENT=31;

--
-- AUTO_INCREMENT for table `mapel`
--
ALTER TABLE `mapel`
  MODIFY `id` bigint(20) UNSIGNED NOT NULL AUTO_INCREMENT, AUTO_INCREMENT=2;

--
-- AUTO_INCREMENT for table `migrations`
--
ALTER TABLE `migrations`
  MODIFY `id` int(10) UNSIGNED NOT NULL AUTO_INCREMENT, AUTO_INCREMENT=21;

--
-- AUTO_INCREMENT for table `pengaturan_absensi`
--
ALTER TABLE `pengaturan_absensi`
  MODIFY `id` bigint(20) UNSIGNED NOT NULL AUTO_INCREMENT, AUTO_INCREMENT=2;

--
-- AUTO_INCREMENT for table `personal_access_tokens`
--
ALTER TABLE `personal_access_tokens`
  MODIFY `id` bigint(20) UNSIGNED NOT NULL AUTO_INCREMENT;

--
-- AUTO_INCREMENT for table `sw_site`
--
ALTER TABLE `sw_site`
  MODIFY `site_id` bigint(20) UNSIGNED NOT NULL AUTO_INCREMENT, AUTO_INCREMENT=2;

--
-- AUTO_INCREMENT for table `tgl_absensi`
--
ALTER TABLE `tgl_absensi`
  MODIFY `id` bigint(20) UNSIGNED NOT NULL AUTO_INCREMENT, AUTO_INCREMENT=5;

--
-- AUTO_INCREMENT for table `tingkatan`
--
ALTER TABLE `tingkatan`
  MODIFY `id` bigint(20) UNSIGNED NOT NULL AUTO_INCREMENT, AUTO_INCREMENT=4;

--
-- AUTO_INCREMENT for table `tugas`
--
ALTER TABLE `tugas`
  MODIFY `id` bigint(20) UNSIGNED NOT NULL AUTO_INCREMENT;

--
-- AUTO_INCREMENT for table `users`
--
ALTER TABLE `users`
  MODIFY `id` bigint(20) UNSIGNED NOT NULL AUTO_INCREMENT, AUTO_INCREMENT=38;
COMMIT;

/*!40101 SET CHARACTER_SET_CLIENT=@OLD_CHARACTER_SET_CLIENT */;
/*!40101 SET CHARACTER_SET_RESULTS=@OLD_CHARACTER_SET_RESULTS */;
/*!40101 SET COLLATION_CONNECTION=@OLD_COLLATION_CONNECTION */;
